Date,Close,High,Low,Open,Volume
2011-02-11,10.692300796508789,10.720765108383508,10.5931229601288,10.629378633287418,367572800
2011-02-14,10.762115478515625,10.771103788536212,10.688107138779621,10.69050423481146,310416400
2011-02-15,10.783686637878418,10.785784496585118,10.713273954627834,10.76241281440305,284174800
2011-02-16,10.88046932220459,10.933503067896009,10.801665995902024,10.81065430528434,481157600
2011-02-17,10.735747337341309,10.794774622111646,10.682412755127949,10.704286654664868,530583200
2011-02-18,10.503832817077637,10.771701847738836,10.472670574492794,10.748030928901603,816057200
2011-02-22,10.145772933959961,10.349221994367046,10.119106449241118,10.251841999313772,872555600
2011-02-23,10.2659273147583,10.326451581680182,10.145774891468335,10.150569883029856,671854400
2011-02-24,10.273712158203125,10.341728516877211,10.138579551471448,10.307870756025414,499900800
2011-02-25,10.43192195892334,10.440011756785443,10.331246340765828,10.345028840812569,380018800
2011-02-28,10.583232879638672,10.638364468856908,10.520609967896265,10.52420561068422,403074000
2011-03-01,10.466376304626465,10.658439145611599,10.417536692966285,10.650948623604414,456136800
2011-03-02,10.55057430267334,10.61739214015287,10.439111761276767,10.485854323823364,602590800
2011-03-03,10.773499488830566,10.780390738468135,10.664434041907855,10.702487533607895,500788400
2011-03-04,10.786681175231934,10.795370244642733,10.719264077844883,10.788778233328223,453266800
2011-03-07,10.64765453338623,10.83672103245786,10.526304379145529,10.828630435436175,546123200
2011-03-08,10.659638404846191,10.708778056718748,10.554467852398304,10.634169668203125,356316800
2011-03-09,10.561060905456543,10.629676562691685,10.505030799455776,10.62757870411975,453306000
2011-03-10,10.387276649475098,10.48016250854559,10.334242106750837,10.460685705746515,507539200
2011-03-11,10.54667854309082,10.556566962086885,10.337238324322167,10.347125143120968,471080400
2011-03-14,10.593721389770508,10.68121377744913,10.526305077441506,10.582335185868846,435957200
2011-03-15,10.350120544433594,10.422331033855968,10.190417684323418,10.250343461444778,721081200
2011-03-16,9.888089179992676,10.277309059746374,9.775728157939021,10.24734617387196,1162011200
2011-03-17,10.026823043823242,10.175739022043006,9.907569926396505,10.092441542021938,659422400
2011-03-18,9.907865524291992,10.133486886122462,9.887790254108127,10.101426141172574,753214000
2011-03-21,10.166448593139648,10.179631818462791,10.045397669108278,10.067271565880105,409402000
2011-03-22,10.22337532043457,10.265923754912794,10.161651726951753,10.264125933737658,325922800
2011-03-23,10.163152694702148,10.194014098631733,10.066071928674978,10.165849027047962,372996400
2011-03-24,10.336338996887207,10.367201201379775,10.153265228739473,10.24285467274555,404712000
2011-03-25,10.533198356628418,10.548778680660329,10.397764831788614,10.429226317003156,448910000
2011-03-28,10.500240325927734,10.616497905287437,10.500240325927734,10.5814407692332,309355200
2011-03-29,10.515816688537598,10.515816688537598,10.368998595802708,10.41693890359829,352900800
2011-03-30,10.446001052856445,10.513418951677911,10.410345463823669,10.506226866366548,329406000
2011-03-31,10.44240951538086,10.48106148548572,10.369000455844937,10.377988765107352,274019200
2011-04-01,10.324055671691895,10.534696082738886,10.286302209684878,10.520314306797374,418661600
2011-04-04,10.223081588745117,10.325255813640048,10.139484859330565,10.316566739997043,460084800
2011-04-05,10.15416431427002,10.254839930605533,10.067571234735414,10.097234893157868,482731200
2011-04-06,10.128694534301758,10.30427777099539,10.101728011282955,10.223977475786036,402539200
2011-04-07,10.129894256591797,10.200306135878566,10.068469085047276,10.13049273036238,373447200
2011-04-08,10.039408683776855,10.191920331373653,10.006150173644949,10.185029079743405,377535200
2011-04-11,9.911764144897461,10.057682942932864,9.888393262266993,10.009442592832254,398946800
2011-04-12,9.959705352783203,9.999555868436847,9.893786021480611,9.902475093297799,425639200
2011-04-13,10.071464538574219,10.07176377540853,9.963297623857565,10.038205244549006,346220000
2011-04-14,9.960305213928223,10.067572860580468,9.949519081931632,10.031617220361285,301800800
2011-04-15,9.811683654785156,9.99685523122302,9.791908422395906,9.986667578123313,453605600
2011-04-18,9.943224906921387,9.954611111421311,9.592957701104734,9.770938055162715,609898800
2011-04-19,10.123303413391113,10.126898256922985,9.939030277767708,9.980679416439326,419378400
2011-04-20,10.25963306427002,10.359709396380746,10.232367304390987,10.292592325742431,700666400
2011-04-21,10.508025169372559,10.640761514667004,10.442705925891586,10.636865834948868,753810400
2011-04-25,10.577241897583008,10.599415031789679,10.496041484622788,10.497240832516404,266546000
2011-04-26,10.499632835388184,10.636563254101414,10.46757209747313,10.595514212182525,338800000
2011-04-27,10.491544723510742,10.55746403575504,10.400158277198353,10.554167630088669,356213200
2011-04-28,10.38967227935791,10.479560148973064,10.352817340703371,10.372892612956178,360959200
2011-04-29,10.490945816040039,10.605403896890103,10.387273062021325,10.390569467551384,1006345200
2011-05-02,10.375591278076172,10.501136367074505,10.352220394717085,10.479263268503098,442713600
2011-05-03,10.433116912841797,10.483754345320342,10.355812198141855,10.426824938422683,313348000
2011-05-04,10.474166870117188,10.541883205352681,10.393565748887337,10.434914838566197,389250400
2011-05-05,10.38967227935791,10.515516576976776,10.368697696355746,10.439110367616685,335969200
2011-05-06,10.38697624206543,10.487052576928884,10.373492980192077,10.477764232098137,280134400
2011-05-09,10.415141105651855,10.46308221365468,10.383080354658327,10.422930865619737,204747200
2011-05-10,10.470571517944336,10.477762803322465,10.38697482566985,10.453791852062034,282091600
2011-05-11,10.404054641723633,10.487052873983972,10.3444288908899,10.4576892539526,336000000
2011-05-12,10.384278297424316,10.400758727423412,10.255438427400307,10.370795836704112,322000000
2011-05-13,10.20240306854248,10.374689889761349,10.197908914980601,10.357012512371972,326116000
2011-05-16,9.98666763305664,10.22397522362346,9.96569305303011,10.163450178600877,449775200
2011-05-17,10.07176685333252,10.07176685333252,9.909666850235547,9.947720346026736,452334400
2011-05-18,10.183525085449219,10.218881436057492,10.067568416950559,10.081650949809942,334776400
2011-05-19,10.203304290771484,10.259634439720237,10.147572615651116,10.249746819972657,261170000
2011-05-20,10.044198989868164,10.215887340925237,10.038206251595891,10.174238209982223,337968400
2011-05-23,10.01962947845459,10.066971314087667,9.870414285312354,9.886893916688633,383600000
2011-05-24,9.953410148620605,10.064573433757264,9.927941413204769,10.052587958244283,321927200
2011-05-25,10.090941429138184,10.1442760032619,9.97318691448685,9.990565056550563,294224000
2011-05-26,10.037602424621582,10.094232575458765,10.020523528342029,10.066666792008963,222560800
2011-05-27,10.109818458557129,10.116410471298794,10.016933406584144,10.031615216732167,203599200
2011-05-31,10.422032356262207,10.422032356262207,10.217384736569645,10.220381905924977,417754400
2011-06-01,10.352520942687988,10.550875839639458,10.32675376042517,10.453197376289307,554682800
2011-06-02,10.370196342468262,10.426527284256094,10.31626329617845,10.382181819465375,338783200
2011-06-03,10.290495872497559,10.34712605860053,10.24764898675198,10.282706111524691,313250000
2011-06-06,10.128694534301758,10.39866140165979,10.121803285109943,10.358211617131587,461941200
2011-06-07,9.948915481567383,10.134087083079391,9.944720565017118,10.132589298646414,529785200
2011-06-08,9.95490837097168,10.031613817432383,9.907268103957914,9.941125873623895,333723600
2011-06-09,9.932435989379883,9.99775522824809,9.910262860522908,9.985170479437375,275088800
2011-06-10,9.764945983886719,9.937532884460422,9.75325974157757,9.904273579616591,433955200
2011-06-13,9.785919189453125,9.837155910006919,9.740075934236366,9.803896607144546,329473200
2011-06-14,9.96090316772461,9.985173361673098,9.8671187985723,9.887793348965554,334569200
2011-06-15,9.790410995483398,9.896779282856196,9.734379301439256,9.8802996552309,399196000
2011-06-16,9.74277114868164,9.84824094731619,9.538124326966214,9.79490717419066,510591200
2011-06-17,9.595951080322266,9.865319445708426,9.568984560128916,9.857528886512998,615020000
2011-06-20,9.4479341506958,9.519246128520974,9.303512373750777,9.509058474517811,640645600
2011-06-21,9.746964454650879,9.761945498515093,9.444338407490838,9.488683865521923,493382400
2011-06-22,9.666365623474121,9.854833649114967,9.65947357414033,9.742771039207843,390583200
2011-06-23,9.92464542388916,9.938427920097881,9.531830680266655,9.556399303921665,559759200
2011-06-24,9.77842903137207,9.98217737335967,9.740675572698628,9.928843592117076,439807200
2011-06-27,9.948915481567383,10.004647144208116,9.80539300861233,9.81558066309155,339813600
2011-06-28,10.045395851135254,10.088542762790272,9.990863537866,9.997155512447472,294299600
2011-06-29,10.008842468261719,10.078655867730111,9.944121696092497,10.068768249794033,352545200
2011-06-30,10.057682991027832,10.071467091263472,9.972888531835055,10.028619406104474,322954800
2011-07-01,10.285099029541016,10.2922895136646,10.013633650850517,10.066068898154771,435313200
2011-07-05,10.469975471496582,10.48196095082128,10.262332242838083,10.277313291895203,355054000
2011-07-06,10.539786338806152,10.609900575796678,10.388473299377928,10.455590367163522,444626000
2011-07-07,10.702788352966309,10.72675851184445,10.606906117256218,10.626982195448758,399663600
2011-07-08,10.777995109558105,10.78668498213426,10.552972935454855,10.587130751495845,489633200
2011-07-11,10.606904029846191,10.77979173709761,10.571547672412056,10.677018270956582,442674400
2011-07-12,10.59941577911377,10.717170307925219,10.445704813918514,10.59282296567802,451609200
2011-07-13,10.727357864379883,10.786684383659805,10.678217401782486,10.736645410210594,391638800
2011-07-14,10.719864845275879,10.834923022138327,10.677017965909114,10.816944806957357,430533600
2011-07-15,10.934101104736328,10.93649820032673,10.761814259718845,10.821740049281564,484467200
2011-07-18,11.200176239013672,11.22564418661831,10.94489108811144,10.949385243547816,572653200
2011-07-19,11.291557312011719,11.345490347926727,11.185787498105057,11.32601435160221,819145600
2011-07-20,11.592686653137207,11.873440442830944,11.565720130782234,11.868946289137973,941340400
2011-07-21,11.604373931884766,11.687370564744345,11.502799008461917,11.594186275823521,526534400
2011-07-22,11.784451484680176,11.836886750223453,11.618156579646131,11.635235485564813,516728800
2011-07-25,11.940258979797363,11.985202919675755,11.674186983239949,11.696059279262158,589806000
2011-07-26,12.087377548217773,12.120037575130368,11.975615768225465,11.985203350354169,476582400
2011-07-27,11.763177871704102,12.064306207787668,11.749993845808996,12.002881832742574,659324400
2011-07-28,11.740104675292969,11.895013358649344,11.629541454898739,11.734112737140086,594034000
2011-07-29,11.69995403289795,11.839881669573643,11.50579411573902,11.614859550722823,632584400
2011-08-01,11.887826919555664,11.970224298216804,11.756588307470006,11.918688331908239,612836000
2011-08-02,11.652914047241211,11.922281670508099,11.636135177768823,11.914791146641784,639539600
2011-08-03,11.76257610321045,11.79193971819621,11.453058798206992,11.714934237969926,732508000
2011-08-04,11.307138442993164,11.725121901719696,11.306539169215448,11.667893256193949,871407600
2011-08-05,11.194779396057129,11.490815115236872,10.863688952501313,11.399127804624134,1204590800
2011-08-08,10.583232879638672,11.019493803296218,10.57753937850848,10.83731856919919,1143833600
2011-08-09,11.206459999084473,11.224438207844543,10.636862819726574,10.825630011215809,1082583600
2011-08-10,10.897247314453125,11.225641420027689,10.861591716534724,11.12077088483424,878656800
2011-08-11,11.197176933288574,11.249612200061923,10.928108549434253,11.101893982165963,741969200
2011-08-12,11.295755386352539,11.375156378039241,11.21305718805613,11.328114576870147,528976000
2011-08-15,11.488116264343262,11.534858823549065,11.328712624032887,11.374855909401456,460544000
2011-08-16,11.400322914123535,11.486916776367787,11.267886607329798,11.4314851511089,498750000
2011-08-17,11.399125099182129,11.5213737508533,11.326015297653875,11.455155997897586,442061200
2011-08-18,10.967957496643066,11.165714657517576,10.827730622683104,11.111480776673456,851435200
2011-08-19,10.667729377746582,10.996424294944406,10.666830866989962,10.851702455534394,775888400
2011-08-22,10.680010795593262,10.932899490348305,10.639561021959294,10.921812527114545,535315200
2011-08-23,11.194181442260742,11.19537999017015,10.696795261239368,10.795673063469192,656835200
2011-08-24,11.271483421325684,11.354780080330116,11.104289229311819,11.190283020501136,626267600
2011-08-25,11.197776794433594,11.24961279001767,10.936498957677003,10.938896053433403,871346000
2011-08-26,11.49321174621582,11.499802959046104,11.110283723420658,11.121369890570016,641477200
2011-08-29,11.684675216674805,11.730519272763182,11.625648734182152,11.631041399511407,405269200
2011-08-30,11.685272216796875,11.740703844983262,11.57201186514478,11.63313619457027,417922400
2011-08-31,11.53066349029541,11.747895047807955,11.441673328925955,11.702651074878371,522586400
2011-09-01,11.416808128356934,11.605874687227438,11.407519780796472,11.560331460434718,343725200
2011-09-02,11.20766544342041,11.326019256913908,11.141147630270353,11.228339196069463,438939200
2011-09-06,11.37814998626709,11.395827360698833,10.980839514501406,11.007506794749888,509698000
2011-09-07,11.50369930267334,11.553737476279908,11.4458697677847,11.552538928405545,350576800
2011-09-08,11.509987831115723,11.64392271560968,11.455155482436885,11.45785181429715,416158400
2011-09-09,11.31043815612793,11.565722459295676,11.236728260013546,11.503699605411963,564813200
2011-09-12,11.38414478302002,11.412309052502712,11.143241506775514,11.17620156703913,467832400
2011-09-13,11.524372100830078,11.572012371344073,11.393432765716003,11.450062944019248,440560400
2011-09-14,11.664596557617188,11.751788889840503,11.558527501918784,11.59628094886896,534724400
2011-09-15,11.774262428283691,11.795237012065881,11.68257593376009,11.72841918102189,417818800
2011-09-16,12.000182151794434,12.000182151794434,11.836285174309566,11.851566255575412,698513200
2011-09-19,12.33366870880127,12.381609804263775,11.84137777028537,11.895310002496206,823860800
2011-09-20,12.388206481933594,12.670158860683587,12.320490129139712,12.442139534561113,775754000
2011-09-21,12.348952293395996,12.632102352317986,12.344757376955119,12.573674359182084,605976000
2011-09-22,12.039735794067383,12.27944055154829,11.886325677394044,12.016065675355675,968480800
2011-09-23,12.114043235778809,12.187153040406097,11.980707613390733,11.993591600257231,546277200
2011-09-26,12.080181121826172,12.104451303963668,11.72452062093801,11.981003335605513,812876400
2011-09-27,11.963033676147461,12.262363449416798,11.927078034899958,12.246783124932216,632497600
2011-09-28,11.895612716674805,12.097263146059674,11.880630071849303,11.990894048744368,429637600
2011-09-29,11.702651977539062,12.051421364131375,11.57201267595844,12.042732293184311,651086800
2011-09-30,11.425494194030762,11.652314957667896,11.421299276859672,11.599279619197006,547640800
2011-10-03,11.224141120910645,11.46504439819244,11.181295042629863,11.397028819238338,669099200
2011-10-04,11.161219596862793,11.439875540622335,10.614096165049466,11.223243241146625,1233677200
2011-10-05,11.333508491516113,11.38054949113145,10.795671782422929,11.022192509828715,786469600
2011-10-06,11.307138442993164,11.529164176997154,11.14024429634216,11.18608754018978,812582400
2011-10-07,11.080323219299316,11.318229409288927,11.041071970355292,11.259502154356163,535458000
2011-10-10,11.649918556213379,11.649918556213379,11.332310559126375,11.358678613297942,442514800
2011-10-11,11.993895530700684,12.080489429989962,11.730521388960979,11.76258135019615,605687600
2011-10-12,12.050820350646973,12.26235839264162,11.98939598882553,12.20512974734584,622286000
2011-10-13,12.237791061401367,12.237791061401367,12.070596860814192,12.134417524383256,426185200
2011-10-14,12.644390106201172,12.644390106201172,12.442738044847934,12.48948140776079,573367200
2011-10-17,12.584162712097168,12.785214674401633,12.462811766065114,12.636597970217801,686044800
2011-10-18,12.651578903198242,12.728584386796392,12.464310240155672,12.63719633191495,881602400
2011-10-19,11.943855285644531,12.237492296208643,11.919285055706702,12.025654172873809,1104059600
2011-10-20,11.84467887878418,11.995692729771765,11.811720408243492,11.985205834586253,549270400
2011-10-21,11.771565437316895,11.959434182434363,11.708044011582711,11.928272743396812,621244400
2011-10-24,12.158087730407715,12.179960022652676,11.847371884614322,11.870742761318983,502138000
2011-10-25,11.91838550567627,12.181461142212326,11.906700864990718,12.135917126754661,430427200
2011-10-26,12.003181457519531,12.06160946103642,11.779956336368139,12.037937742579286,456304800
2011-10-27,12.12572956085205,12.254871084623874,12.04183361607802,12.211723364302161,494664800
2011-10-28,12.133520126342773,12.17546849879598,12.060410311521128,12.075092121864952,322842800
2011-10-31,12.128425598144531,12.264757596226305,12.016663027372964,12.057712885311526,385501200
2011-11-01,11.880630493164062,11.970219927562194,11.782052751709509,11.90759781462896,531790000
2011-11-02,11.907599449157715,11.998387443638768,11.838683751608288,11.987900550567735,327350800
2011-11-03,12.077187538146973,12.087075155342417,11.846172699524816,11.95733518396133,441386400
2011-11-04,11.992390632629395,12.088272022591088,11.960030653516093,12.046024427656741,302229200
2011-11-07,11.977113723754883,11.98520432196442,11.86924761534733,11.982507989293719,270275600
2011-11-08,12.171875,12.224910348878408,12.031948121635066,12.051424126559155,400442000
2011-11-09,11.843775749206543,12.011868443977763,11.812315075918432,11.894413183446039,558684000
2011-11-10,11.542348861694336,11.90160511099352,11.45036233178848,11.896211646684922,744752400
2011-11-11,11.524372100830078,11.64662076502863,11.393732802688321,11.583997848264948,653786000
2011-11-14,11.36376953125,11.543248441706814,11.332008818568202,11.491411655803237,432905200
2011-11-15,11.650519371032715,11.67059384976887,11.369466267442204,11.409916062060981,430810800
2011-11-16,11.52886962890625,11.719734004191281,11.51538556337444,11.663103809313458,349210400
2011-11-17,11.308337211608887,11.523171664479948,11.251107764865893,11.505193450796982,479900400
2011-11-18,11.234328269958496,11.3856413036526,11.232530448562803,11.353581355577203,371938000
2011-11-21,11.056648254394531,11.136649302386022,10.963762420308019,11.098295781133483,447980400
2011-11-22,11.2813720703125,11.323919714465045,11.114477899996432,11.116874995447203,409021200
2011-11-23,10.996123313903809,11.261295978148322,10.992826907849084,11.22144466922265,428271200
2011-11-25,10.893651008605957,11.120770208680499,10.886159685048556,11.038971324218853,254760800
2011-11-28,11.269684791564941,11.287663005789222,11.096199424842615,11.156724479200609,346413200
2011-11-29,11.182190895080566,11.35088283642924,11.092302242911378,11.261293421052411,375855200
2011-11-30,11.451857566833496,11.454254661548116,11.335001599790862,11.424591814602243,405938400
2011-12-01,11.623546600341797,11.655606544002023,11.40841213687587,11.462045934313345,387181200
2011-12-02,11.676584243774414,11.794338760092018,11.643025706808833,11.68047912392005,379055600
2011-12-05,11.775761604309082,11.87763656594953,11.697259124600656,11.790144177745,357210000
2011-12-06,11.71403980255127,11.824304615724591,11.66699879491988,11.760782373337973,283598000
2011-12-07,11.658305168151855,11.71373679383323,11.58849097144454,11.683473867348734,304746400
2011-12-08,11.705348014831543,11.850369085341905,11.692464027176493,11.72901893172744,376356400
2011-12-09,11.794035911560059,11.806620659959098,11.716431963345418,11.770965072976148,296993200
2011-12-12,11.740704536437988,11.802428143318444,11.669093310997306,11.735910345597004,301067200
2011-12-13,11.649918556213379,11.847375725076564,11.598681832914473,11.775463650161942,338928800
2011-12-14,11.391636848449707,11.607071431573083,11.316429968445815,11.586696117401576,406887600
2011-12-15,11.354180335998535,11.498002843543663,11.335303611880773,11.48571813103978,256200000
2011-12-16,11.41650390625,11.510288258781511,11.37305775447197,11.396728670299543,421478400
2011-12-19,11.452163696289062,11.531266263757471,11.400326895557333,11.459954258256168,235530400
2011-12-20,11.863850593566895,11.868345546802267,11.603472146388743,11.618453190244049,337215200
2011-12-21,11.878833770751953,11.90430250828265,11.745797381806348,11.886024256558324,262948000
2011-12-22,11.941756248474121,11.959135189885844,11.868347203102104,11.89531292578519,202358800
2011-12-23,12.084980010986328,12.092770571261328,11.969921828759121,11.975914567432197,269399200
2011-12-27,12.180864334106445,12.257569807215758,12.075693745561544,12.078091641701198,265076000
2011-12-28,12.064303398132324,12.232395288605298,12.025351403521533,12.191646272798717,228662000
2011-12-29,12.1386079788208,12.154489129755865,12.000479810334813,12.087072047840435,215978000
2011-12-30,12.13502025604248,12.173372990016807,12.089776271463778,12.09037474533491,179662000
2012-01-03,12.321685791015625,12.359739275991025,12.254868764801277,12.266854240399592,302220800
2012-01-04,12.387903213500977,12.425058186866142,12.263257470992423,12.284830526396293,260022000
2012-01-05,12.525437355041504,12.541017677300095,12.364835140368765,12.43315156906746,271269600
2012-01-06,12.656373977661133,12.666860869905097,12.561091836549576,12.577571467246832,318292800
2012-01-09,12.636301040649414,12.816678500956678,12.624914835482576,12.749262181136721,394024400
2012-01-10,12.681540489196777,12.764238665374556,12.629404473754668,12.761541533487025,258196400
2012-01-11,12.660870552062988,12.669859661461539,12.56379057085488,12.664765432752988,215084800
2012-01-12,12.626110076904297,12.6713540485971,12.547007535605212,12.65277736092002,212587200
2012-01-13,12.57876968383789,12.597946447603428,12.544312636594624,12.57547487771362,226021600
2012-01-17,12.725289344787598,12.76394210920517,12.673153318396006,12.710307498095007,242897200
2012-01-18,12.85742473602295,12.868210864120005,12.773228768964914,12.793004003891612,276791200
2012-01-19,12.816679000854492,12.92514439075312,12.77952481422282,12.888590278199743,261738400
2012-01-20,12.593448638916016,12.809182381784954,12.576969011339852,12.808883144968258,413974400
2012-01-23,12.806488990783691,12.837651231994723,12.65337811758484,12.664464284120221,306062400
2012-01-24,12.596745491027832,12.73727238577942,12.57097751974405,12.73727238577942,547638000
2012-01-25,13.38327693939209,13.616688111688084,13.295485317431393,13.616388874801537,958314000
2012-01-26,13.322453498840332,13.447098471685157,13.277808792672497,13.434215282762157,323985200
2012-01-27,13.401856422424316,13.43781205997602,13.296686642642364,13.313764750378208,299709200
2012-01-30,13.573538780212402,13.600206061142469,13.345221089820408,13.354808669399915,379341200
2012-01-31,13.677511215209961,13.730245708035053,13.575337035225894,13.65084393185599,391683600
2012-02-01,13.66882038116455,13.752717099946965,13.64964522273754,13.735338962542532,270046000
2012-02-02,13.636764526367188,13.698188099503241,13.602606714926203,13.660135407848289,186796400
2012-02-03,13.773394584655762,13.78298296601566,13.649947375041368,13.702083398587243,286599600
2012-02-06,13.901935577392578,13.932198506784516,13.729050272215707,13.734442936770002,249412800
2012-02-07,14.047554016113281,14.07512060791668,13.920210347702385,13.9402864178693,316223600
2012-02-08,14.282766342163086,14.286061148153625,14.073623771327123,14.097594725061096,407890000
2012-02-09,14.77685546875,14.884123082378935,14.3990217257655,14.405014463973579,884214800
2012-02-10,14.784344673156738,14.910188963910757,14.638424311146537,14.710636400065534,631302000
2012-02-13,15.059407234191895,15.096261374414494,14.894310095153807,14.96741990187041,517216000
2012-02-14,15.264952659606934,15.267948228664464,15.041429121251646,15.121130140508273,460398400
2012-02-15,14.911687850952148,15.769226980789712,14.888315374705996,15.408773022874948,1506120000
2012-02-16,15.047724723815918,15.128025836359624,14.580900698044472,14.726821110777085,944552000
2012-02-17,15.045026779174805,15.214318058723736,14.990493653328839,15.074689637645024,535805200
2012-02-21,15.4264497756958,15.4264497756958,15.104946257390138,15.18764442241533,605595200
2012-02-22,15.372223854064941,15.445632915234155,15.253269971119204,15.37342240200643,483302400
2012-02-23,15.4725980758667,15.515745797945504,15.266153411839444,15.433346834401373,568027600
2012-02-24,15.652968406677246,15.667650210936731,15.540008924989916,15.57087031757285,415072000
2012-02-27,15.753349304199219,15.835447412909637,15.469299929302476,15.620012886534363,547582000
2012-02-28,16.042490005493164,16.042490005493164,15.756043572952954,15.81926574919875,600387200
2012-02-29,16.25313949584961,16.408049852375196,16.05118972233531,16.226773035320182,952011200
2012-03-01,16.313961029052734,16.42602446239446,16.143171946495546,16.424824314245694,683270000
2012-03-02,16.335233688354492,16.383772474238793,16.2555310592929,16.307068614990513,431712400
2012-03-05,15.975074768066406,16.404143571297546,15.760537966155445,16.34242077539909,809124400
2012-03-06,15.888176918029785,15.990949540124284,15.467496451851678,15.690421430545438,810238800
2012-03-07,15.901070594787598,16.113508004255703,15.67964327618934,16.084144381518374,798520800
2012-03-08,16.239648818969727,16.269610907520907,15.94391321176397,16.020917891600536,516457200
2012-03-09,16.334928512573242,16.411933180924724,16.273204123056562,16.306163375665253,418919200
2012-03-12,16.539579391479492,16.539579391479492,16.389762540245503,16.449089846913665,407282400
2012-03-13,17.021982192993164,17.02437928813007,16.651938232168845,16.705573635906415,690855200
2012-03-14,17.665592193603516,17.819601593651615,17.24071577685265,17.320119172802386,1418844000
2012-03-15,17.545135498046875,17.978100788470257,17.33509524578061,17.966115313268755,1159718000
2012-03-16,17.545434951782227,17.654200340235818,17.318615031429808,17.519966216713414,825487600
2012-03-19,18.010761260986328,18.030835732305636,17.649707212501113,17.928962390926507,901236000
2012-03-20,18.156383514404297,18.184546983287355,17.72251887547243,17.9631213103769,816662000
2012-03-21,18.05270767211914,18.266943632506425,18.020049253706194,18.059898956961504,644042000
2012-03-22,17.958030700683594,18.112640168124724,17.84387102177243,17.91128733598904,623870800
2012-03-23,17.85944938659668,18.031736207533076,17.810009697004322,17.992484972874514,430488800
2012-03-26,18.186952590942383,18.192047620879592,17.835787573746842,17.971517955123744,595742000
2012-03-27,18.411670684814453,18.465603736299975,18.159381970410852,18.162977613856377,607129600
2012-03-28,18.505754470825195,18.62051262491651,18.28672425598092,18.528525279341117,655460400
2012-03-29,18.27323341369629,18.473986090960736,18.194431727100397,18.360725768581396,608238400
2012-03-30,17.964326858520508,18.29421881971954,17.916085697879506,18.2405849927648,731038000
2012-04-02,18.536014556884766,18.540208673536558,17.989188796214457,18.032635748222393,598351600
2012-04-03,18.85631561279297,18.94291026892283,18.652268103197787,18.79578976462784,834559600
2012-04-04,18.706209182739258,18.752651717811144,18.4871789352447,18.707407730744936,572980800
2012-04-05,18.98696517944336,19.01632880753596,18.67894472124626,18.786212374955223,641298000
2012-04-09,19.063356399536133,19.171523288214047,18.735861765683055,18.760730420883707,597536800
2012-04-10,18.8299560546875,19.296179997569528,18.756846231234263,19.17423054616987,889725200
2012-04-11,18.76283836364746,19.08254341234346,18.677142989617515,19.062468935335527,696614800
2012-04-12,18.66006088256836,18.916545286437316,18.592044501626837,18.726878715825485,614336800
2012-04-13,18.134510040283203,18.717890734294816,18.082974089153815,18.70021175559279,859644800
2012-04-16,17.38243865966797,18.28582193274815,17.32610852127516,18.27923072088405,1050786800
2012-04-17,18.26844024658203,18.277428551960778,17.136139396607753,17.346779701080916,1025528000
2012-04-18,18.227693557739258,18.58455348971582,18.05900079046887,18.388894202676504,954531200
2012-04-19,17.60146713256836,18.119527740912105,17.513974756331894,17.984394296833955,834719200
2012-04-20,17.168197631835938,17.816597307328216,17.091492206256664,17.719516578027214,1030985200
2012-04-23,17.129854202270508,17.278771788943867,16.67801281396368,17.09719576997358,966529200
2012-04-24,16.787675857543945,17.00970164836284,16.62947074013697,16.857489270266534,1076149200
2012-04-25,18.277433395385742,18.517138137706308,18.157581824324065,18.44642542274442,905777600
2012-04-26,18.208520889282227,18.417962720115913,18.041626705925616,18.405377167917365,536068400
2012-04-27,18.067686080932617,18.162969791101848,17.99277927504242,18.129711303703118,406722400
2012-04-30,17.4977970123291,17.929864674764037,17.468433392576866,17.911886458528812,506144800
2012-05-01,17.44236946105957,17.880727581409698,17.415402931731467,17.525366908048692,610999200
2012-05-02,17.55772590637207,17.600273558892155,17.344389169889876,17.385738274448865,427389200
2012-05-03,17.433074951171875,17.720121502074143,17.38753174234808,17.693154981041904,390549600
2012-05-04,16.93659210205078,17.329406969063992,16.93419500628786,17.291055037054715,529992400
2012-05-07,17.06333351135254,17.161912061479462,16.81613824373182,16.82422884092424,460118400
2012-05-08,17.024385452270508,17.123861736076233,16.741235287538395,17.066333032157633,497252000
2012-05-09,17.054344177246094,17.198168308877605,16.80475340597333,16.89014793400007,480704000
2012-05-10,17.094493865966797,17.255096058022346,17.03217258570898,17.216144057713308,333200000
2012-05-11,16.980331420898438,17.21284481511824,16.90961872473543,16.929094719870076,399546000
2012-05-14,16.725950241088867,17.00430616123257,16.707373550659103,16.856289511386507,352626400
2012-05-15,16.574628829956055,16.875757006053128,16.53208120545294,16.822723293943525,476336000
2012-05-16,16.362201690673828,16.686102463889107,16.211187853766752,16.601007162114804,560896000
2012-05-17,15.88398551940918,16.404742365589858,15.88398551940918,16.3391230952905,717220000
2012-05-18,15.89177417755127,16.282191766715084,15.646078377231568,15.999041762617349,732292400
2012-05-21,16.817638397216797,16.82542975862476,16.00174572088097,16.01523058483351,631106000
2012-05-22,16.688495635986328,17.195169246435402,16.55695783357683,17.065428465377295,694870400
2012-05-23,17.09568977355957,17.162806828186692,16.57643071065666,16.704371245873553,584897600
2012-05-24,16.938678741455078,17.273665451554148,16.816129301993975,17.254787934875434,496230000
2012-05-25,16.847896575927734,16.95456570816328,16.733437684680446,16.916812260265992,328507200
2012-05-29,17.146928787231445,17.198765574387032,16.938387891519568,17.105880529402366,380508800
2012-05-30,17.353673934936523,17.378243361836553,16.97584018663939,17.054942731901157,529429600
2012-05-31,17.310529708862305,17.423489237558837,17.12266174343387,17.400716829562345,491674400
2012-06-01,16.808948516845703,17.158318010181087,16.794866779919545,17.053746711727957,520987600
2012-06-04,16.90782356262207,17.0040050105766,16.434709282812474,16.824227664998,556995600
2012-06-05,16.864078521728516,16.973144764298457,16.729245903416018,16.817336760739813,388214400
2012-06-06,17.122663497924805,17.194273935327157,16.944083059416947,17.01209945328048,401455600
2012-06-07,17.130451202392578,17.298243089347203,17.09389629556145,17.297345378669025,379766800
2012-06-08,17.388134002685547,17.395925363918593,17.048952957362225,17.126856968508186,347516400
2012-06-11,17.113977432250977,17.633235204763754,17.09779623249613,17.60986431647068,591264800
2012-06-12,17.263484954833984,17.277267452593,16.98003563891089,17.212549080438624,435380400
2012-06-13,17.143632888793945,17.33299860973923,17.09029832048505,17.214345597271898,293580000
2012-06-14,17.124752044677734,17.18378010271662,16.99681151322081,17.11606297627741,345573200
2012-06-15,17.202659606933594,17.217341415253816,17.065428304510263,17.10887525575848,335255200
2012-06-18,17.551725387573242,17.614947564352505,17.089996591633778,17.107675566273915,440412000
2012-06-19,17.60057258605957,17.678175758214344,17.47143185687764,17.480420165562755,361404400
2012-06-20,17.550525665283203,17.655695385282662,17.402507481390955,17.624533157032744,358943200
2012-06-21,17.308732986450195,17.62484239962613,17.301840935856156,17.541545719425972,326351200
2012-06-22,17.441465377807617,17.44416170996316,17.241312721418584,17.349778883139226,284471600
2012-06-25,17.10198402404785,17.372550136587044,17.08999854837662,17.29764171374037,304382400
2012-06-26,17.13973617553711,17.213444445042946,16.99890924735052,17.118760794600927,276536400
2012-06-27,17.213748931884766,17.28086601083866,17.136444996372674,17.22872997981091,202997200
2012-06-28,17.050443649291992,17.19876108576672,16.947371776017313,17.128947701812987,282836400
2012-06-29,17.498397827148438,17.498397827148438,17.206257801697177,17.318618857579253,421500800
2012-07-02,17.75368309020996,17.782147401881474,17.48641331686212,17.520271894029737,400092000
2012-07-03,17.96012306213379,17.977802038584098,17.798024706282966,17.824391152243482,241712800
2012-07-05,18.275636672973633,18.40747372333829,17.967317069195648,17.994582830000173,484383200
2012-07-06,18.15397834777832,18.230683768214792,18.025138524550147,18.190234000450253,418930400
2012-07-09,18.393991470336914,18.39429070723756,18.100953734145065,18.136609331044614,379405600
2012-07-10,18.223796844482422,18.573164618970708,18.13690295597402,18.516234416188794,511957600
2012-07-11,18.11054039001465,18.207320315286353,17.894507370315885,18.161177029487163,469322000
2012-07-12,17.944847106933594,18.081777597386225,17.758476918066492,17.984997659526726,428041600
2012-07-13,18.126718521118164,18.193235512009412,17.977802583634272,18.066194268171675,311427200
2012-07-16,18.184852600097656,18.32597721944888,18.12822160999833,18.131218779946227,301260400
2012-07-17,18.185747146606445,18.322378375535997,18.072185959224225,18.301103755131493,293624800
2012-07-18,18.16537094116211,18.227693814425255,18.084469780519058,18.17525855853682,252700000
2012-07-19,18.40687370300293,18.43773510441697,18.157580595832357,18.31578568305627,436861600
2012-07-20,18.106645584106445,18.410470222775125,18.0886673687481,18.368221816732316,397471200
2012-07-23,18.092565536499023,18.154589190608444,17.609561930813065,17.810013867844148,487975600
2012-07-24,18.0053653717041,18.267840837406954,17.933153294785225,18.19892516571007,565132400
2012-07-25,17.227828979492188,17.402512893563806,17.07891303900431,17.2125486975726,877312800
2012-07-26,17.225135803222656,17.390530603545173,17.089703098520637,17.371353838221737,406632800
2012-07-27,17.533151626586914,17.553227699435013,17.12655434441575,17.229027766466338,403936400
2012-07-30,17.82888412475586,17.96102037730747,17.61284955284269,17.70573617775172,379142400
2012-07-31,18.300209045410156,18.328375721793087,18.05930731287589,18.074587598796843,462327600
2012-08-01,18.18185043334961,18.469196222171863,18.067690773718112,18.454514413995373,384501600
2012-08-02,18.211210250854492,18.298102534177485,17.98528967413601,18.062894415564624,332158400
2012-08-03,18.448223114013672,18.516538730101068,18.324175832108516,18.386199473061094,344920800
2012-08-06,18.65347671508789,18.72299090683839,18.435046517755257,18.49587003536389,302103200
2012-08-07,18.604331970214844,18.726879878106484,18.518337368670156,18.660062040702314,290446800
2012-08-08,18.57286834716797,18.69331998272232,18.490170161557607,18.558785012579023,244706000
2012-08-09,18.678791046142578,18.708883387302013,18.590622495379957,18.592126710671025,221642400
2012-08-10,18.707979202270508,18.70978393910854,18.617705397815733,18.618005919444148,194938800
2012-08-13,18.957738876342773,18.957738876342773,18.75462001594375,18.758833746762924,278832400
2012-08-14,19.008596420288086,19.21683222176927,18.96406135927596,19.014013845615448,340169200
2012-08-15,18.98271369934082,19.078104398108778,18.890032516183876,18.996857499395688,257342400
2012-08-16,19.148521423339844,19.161159402417077,18.97278537450295,18.99415133735033,254534000
2012-08-17,19.502702713012695,19.505110100533464,19.222851145528036,19.258659829598678,442761200
2012-08-20,20.015460968017578,20.015460968017578,19.55656285861141,19.55987341755162,613384800
2012-08-21,19.741924285888672,20.308249959661588,19.56949882769679,20.186077494028893,812719600
2012-08-22,20.127399444580078,20.131311046394288,19.502697028629775,19.692575244551076,565322800
2012-08-23,19.93962860107422,20.158393857321883,19.89509194378807,20.04434671623399,420128800
2012-08-24,19.957382202148438,20.145756210963267,19.726580007704342,19.845742446105334,437340400
2012-08-27,20.332326889038086,20.48850170683122,20.26793008801124,20.462020448881074,427008400
2012-08-28,20.305845260620117,20.3449644965263,20.181565913387658,20.311261077931917,267416800
2012-08-29,20.265823364257812,20.39220797304142,20.239644234811006,20.319386923770516,202806800
2012-08-30,19.976947784423828,20.20805217654354,19.946254395563255,20.18066934745326,302699600
2012-08-31,20.018173217773438,20.119280281041252,19.777739804932143,20.078656821313945,338321200
2012-09-04,20.310962677001953,20.3160779732344,19.995903498495387,20.03381904483913,367892000
2012-09-05,20.16832733154297,20.35248762310455,20.149368756403327,20.329016402462486,336375200
2012-09-06,20.350082397460938,20.410868124531063,20.185481706796192,20.256798548224673,391196400
2012-09-07,20.475566864013672,20.536953638614087,20.33503843011246,20.4036457601943,329666400
2012-09-10,19.942941665649414,20.561323579328416,19.923682568186834,20.4758645484733,487998000
2012-09-11,19.878244400024414,20.16441491866981,19.75516873876795,20.014258562126695,503983200
2012-09-12,20.155086517333984,20.158397076589967,19.74012398527232,20.066617445954396,712233200
2012-09-13,20.552000045776367,20.627831149307756,20.304947112389833,20.383185603559294,598360000
2012-09-14,20.801755905151367,20.973278215603855,20.699744083727282,20.762035625706563,600474000
2012-09-17,21.057531356811523,21.058132399934696,20.9019576119398,21.044591251924356,398031200
2012-09-18,21.121631622314453,21.134269601926807,20.956428287091846,21.060545375742084,373503200
2012-09-19,21.127347946166992,21.184220457122127,21.05121633856357,21.071979650370636,326874800
2012-09-20,21.025039672851562,21.06596526115259,20.872173777745058,21.038881347713605,336568400
2012-09-21,21.066864013671875,21.216719850804235,21.04489700700404,21.136676636150288,571589200
2012-09-24,20.78700828552246,20.917306094058752,20.552595010104493,20.66874901868361,639766400
2012-09-25,20.26793098449707,20.846894747839464,20.25168031741149,20.710878978510433,518789600
2012-09-26,20.0163631439209,20.24235056409879,19.896598055482205,20.123488647520205,576503200
2012-09-27,20.502044677734375,20.527622766031254,19.871023147065674,19.9895845609952,594090000
2012-09-28,20.074142456054688,20.495726121740816,20.06360973462677,20.424709801951426,535110800
2012-10-01,19.842140197753906,20.364532142427944,19.755175315396887,20.1963187188926,543594800
2012-10-02,19.8999080657959,20.05157023539748,19.579130974061552,19.91495343128365,627992400
2012-10-03,20.20503807067871,20.2173771351442,19.939630868741247,20.006735580361596,424281200
2012-10-04,20.065113067626953,20.289295781868944,20.027499650754784,20.199020367240564,370725600
2012-10-05,19.637514114379883,20.04104242216418,19.598094347192667,20.01697015290341,594006000
2012-10-08,19.203594207763672,19.48615532332754,19.141604775657445,19.465692527096795,637994000
2012-10-09,19.13378143310547,19.27340670990631,18.76365440160809,19.218038398154516,838597200
2012-10-10,19.286041259765625,19.408514278641128,19.168383015582755,19.250833621592648,510356000
2012-10-11,18.900569915771484,19.47532168650512,18.900569915771484,19.454257847284097,546081200
2012-10-12,18.94900894165039,19.11962804523465,18.81630537298121,18.944494690068293,460014800
2012-10-15,19.100975036621094,19.112108799733587,18.77267526793813,19.028454512052047,432502000
2012-10-16,19.553251266479492,19.56859875978455,18.987828721245453,19.11933022225833,549771600
2012-10-17,19.397375106811523,19.643524769620182,19.379019185179576,19.525566036667552,389037600
2012-10-18,19.037185668945312,19.320648327688197,18.957743485031504,19.246323047736958,476624400
2012-10-19,18.351091384887695,19.010999864057887,18.34447026720195,18.989334988445854,744086000
2012-10-22,19.07900619506836,19.119629641497415,18.37877323749602,18.42872570942237,546730800
2012-10-23,18.45701789855957,19.07510099902979,18.407067016926263,18.987834002876006,707145600
2012-10-24,18.561433792114258,18.85392492725502,18.375166615098,18.700157479506696,558527200
2012-10-25,18.342063903808594,18.71700721263124,18.221998284627812,18.656822535163126,656325600
2012-10-26,18.175363540649414,18.47628061852416,17.78417262506674,18.338760585050025,1018432800
2012-10-31,17.914165496826172,18.113973851706422,17.68486744660001,17.900924864676035,510003200
2012-11-01,17.95087432861328,18.145265224941706,17.87955748993631,18.001427853958877,361298000
2012-11-02,17.356861114501953,17.963207576088053,17.295173839315147,17.931310505932842,599373600
2012-11-05,17.592187881469727,17.686975975884234,17.380943592593397,17.55908709850788,529135600
2012-11-06,17.538917541503906,17.776340872215666,17.45586590035881,17.760994984692793,374917200
2012-11-07,16.867835998535156,17.367824588087124,16.799819378580573,17.34666454351793,793648800
2012-11-08,16.255691528320312,16.99570039217424,16.181328691781825,16.94733274459721,1056146000
2012-11-09,16.537124633789062,16.77351585961142,16.133868253547416,16.336403740657243,929913600
2012-11-12,16.409259796142578,16.762033747850605,16.28290170599707,16.751452918623023,515802000
2012-11-13,16.411375045776367,16.640511167311818,16.213676286461276,16.290761027964773,532949200
2012-11-14,16.229394912719727,16.548916864283164,16.208234871394023,16.489969997042344,477170400
2012-11-15,15.889018058776855,16.308597854570774,15.798331918232208,16.24904718670062,789910800
2012-11-16,15.951292991638184,16.02142449996935,15.288368536261325,15.876324716221543,1266893600
2012-11-19,17.101511001586914,17.155015721247935,16.32008895531563,16.3451784746039,823317600
2012-11-20,16.955799102783203,17.289529453190493,16.764449821086345,17.288320261857024,642754000
2012-11-21,16.97968292236328,17.15108137331113,16.82551343182267,17.056767667633586,373002000
2012-11-23,17.27592658996582,17.29104229036928,17.00688875584902,17.145035247275313,272826400
2012-11-26,17.82095718383789,17.83516397139785,17.34273249845446,17.408934514076197,630579600
2012-11-27,17.6773738861084,17.847866689279815,17.535901684126387,17.82156636584988,533330000
2012-11-28,17.621747970581055,17.708202733566136,17.298900326291523,17.450347915842432,520864400
2012-11-29,17.815813064575195,17.96363304282466,17.69157311977059,17.84181148019864,514698800
2012-11-30,17.692485809326172,17.786801137236864,17.613889971801925,17.738131580219292,391319600
2012-12-03,17.719993591308594,17.973918975750664,17.699135440495166,17.945503781287265,364280000
2012-12-04,17.40741729736328,17.58728002442626,17.29496575978107,17.58728002442626,557068400
2012-12-05,16.28713035583496,17.207907643974348,16.286524953041848,17.197630326158453,1044638000
2012-12-06,16.54256248474121,16.726051144832667,15.677706878960187,15.98936977098897,1177212400
2012-12-07,16.119659423828125,16.78318726080631,16.021414670688724,16.728775278885177,787040800
2012-12-10,16.01597785949707,16.278667810792204,15.766889292452174,15.870272728014982,630484400
2012-12-11,16.3657283782959,16.612700463091656,16.244207070027947,16.316756936145325,592345600
2012-12-12,16.293481826782227,16.565543444837218,16.2109565285005,16.558590190412172,487144000
2012-12-13,16.012048721313477,16.25237108413142,15.894456869953508,16.056183402356307,625259600
2012-12-14,15.410489082336426,15.662599841081361,15.283225318756939,15.560425588472176,1009579200
2012-12-17,15.683753967285156,15.719122399110153,15.151722862447123,15.384486470813762,757607200
2012-12-18,16.13930892944336,16.169537091813567,15.726680952068701,15.870269566549089,625685200
2012-12-19,15.909873008728027,16.1332666706796,15.885387287529694,16.0658554638254,449369200
2012-12-20,15.771424293518066,16.027464501912316,15.685271429838682,16.021418545302566,481689600
2012-12-21,15.698880195617676,15.70915751842582,15.424096613587187,15.491507843743792,596268400
2012-12-24,15.724267959594727,15.847602262306564,15.680133277575559,15.729710128483694,175753200
2012-12-26,15.507523536682129,15.702803899187598,15.450693158949491,15.688897391779243,302436400
2012-12-27,15.569798469543457,15.605770706086034,15.2554151352218,15.52384919225799,455120400
2012-12-28,15.404443740844727,15.55226537872419,15.360007165524381,15.425605398584931,354278400
2012-12-31,16.087018966674805,16.184659978242536,15.386611275223979,15.432860836233095,659492400
2013-01-02,16.5966739654541,16.77714210276792,16.37298007199392,16.741471772905964,560518000
2013-01-03,16.387191772460938,16.616026007494316,16.353939814797652,16.56191590092538,352965200
2013-01-04,15.930731773376465,16.282296503044794,15.895363328673762,16.2321158673549,594333600
2013-01-07,15.837024688720703,16.000260712963588,15.574031163785353,15.779588894408562,484156400
2013-01-08,15.87964916229248,16.078557177415767,15.756920230586038,15.997542941206131,458707200
2013-01-09,15.631464958190918,15.870576514617458,15.597909491680491,15.79470096154921,407604400
2013-01-10,15.825231552124023,15.982723465548556,15.583700039654575,15.977584806340012,601146000
2013-01-11,15.728202819824219,15.879952351685224,15.689508682993845,15.749362868699205,350506800
2013-01-14,15.16745376586914,15.341270656879672,15.069510839190086,15.195565458726369,734207600
2013-01-15,14.688924789428711,15.084018889573402,14.612141924651276,15.063160736613531,876772400
2013-01-16,15.298639297485352,15.399907854096966,14.887827466616663,14.952516777027125,690804800
2013-01-17,15.195555686950684,15.439505549270917,15.175908349784965,15.426204447306386,453678400
2013-01-18,15.114542007446289,15.18164968629369,15.005716431921257,15.069801940474147,472922800
2013-01-22,15.258744239807129,15.352756075400364,15.012679363234573,15.252396386570089,461546400
2013-01-23,15.538058280944824,15.567682666980689,15.258741488029568,15.380866606855452,861509600
2013-01-24,13.618207931518555,14.07859667883295,13.610649274150532,13.905383636045693,1460852400
2013-01-25,13.297172546386719,13.791417790866062,13.149654435091817,13.65417861293019,1208026400
2013-01-28,13.59795093536377,13.700125171467532,13.175650993375521,13.235202449936338,785517600
2013-01-29,13.85308837890625,13.91143147063759,13.667179608010144,13.860041634283732,571158000
2013-01-30,13.809558868408203,13.98398112331859,13.739125476110553,13.814697529077575,417155200
2013-01-31,13.769049644470215,13.88361770513832,13.753633664827573,13.814091620805927,319334400
2013-02-01,13.712519645690918,13.889662131379733,13.553213134902219,13.878477515692913,539484400
2013-02-04,13.370932579040527,13.782652564543728,13.361259047834663,13.721287311762325,477117200
2013-02-05,13.84008502960205,13.897520800158166,13.367906394508836,13.42322567701933,573347600
2013-02-06,13.825275421142578,14.101870270885257,13.681081372298152,13.798673211743937,593706400
2013-02-07,14.236357688903809,14.290477879743513,13.807642443174084,14.085243671689561,704580800
2013-02-08,14.441895484924316,14.5583474946454,14.237266984484773,14.412098449738066,633158400
2013-02-11,14.592403411865234,14.744735303715526,14.389298011637726,14.488113768283084,517490400
2013-02-12,14.226627349853516,14.666896039001792,14.221762394803251,14.579632125650257,609053200
2013-02-13,14.199562072753906,14.401149120105158,14.084326327149373,14.205643264694961,475207600
2013-02-14,14.186796188354492,14.340342672480945,14.108654880714468,14.123857052738197,355275200
2013-02-15,13.991287231445312,14.295340348559655,13.983989800748198,14.255508133383819,391745200
2013-02-19,13.986122131347656,14.069433683796557,13.799435144212714,14.01987316665835,435783600
2013-02-20,13.647408485412598,13.916190785224927,13.645886968935184,13.916190785224927,476302400
2013-02-21,13.562576293945312,13.657137644711678,13.464063384860953,13.560751935708096,447182400
2013-02-22,13.707000732421875,13.73102022945619,13.57899444787864,13.659569045809361,330654800
2013-02-25,13.463455200195312,13.838047802839013,13.456461421454092,13.7994334405297,372579200
2013-02-26,13.651054382324219,13.729195685208074,13.307170619840774,13.494466499033917,501499600
2013-02-27,13.5172700881958,13.756559754831343,13.398081953283262,13.634633865212232,587350400
2013-02-28,13.42088508605957,13.617606388081295,13.42088508605957,13.501458857753729,322515200
2013-03-01,13.088558197021484,13.322982938992,13.073659678268314,13.317509052701327,552448400
2013-03-04,12.771734237670898,13.01953677320674,12.739808379074061,13.007374386711124,582755600
2013-03-05,13.108928680419922,13.232070009544527,12.793018384993255,12.815214335751872,638433600
2013-03-06,12.942305564880371,13.233892653997833,12.904906637209065,13.211392241897993,460250000
2013-03-07,13.091901779174805,13.13538190637102,12.80244346633545,12.907037557909264,468473600
2013-03-08,13.126565933227539,13.239369248591883,13.032005389304157,13.068188090326297,391482000
2013-03-11,13.313554763793945,13.348217563219105,12.926495361916409,13.066664016158533,474236000
2013-03-12,13.02652645111084,13.344261816880014,13.000378138654378,13.244532708516209,465911600
2013-03-13,13.024097442626953,13.211089672091965,12.933186443991811,13.027138851201304,405549200
2013-03-14,13.150277137756348,13.215343455658902,13.087945326450946,13.160309886574938,303875600
2013-03-15,13.489599227905273,13.506930218559438,13.294700684546697,13.315376736640717,643960800
2013-03-18,13.85628604888916,13.909189978226586,13.414801297133828,13.422402380412787,606197200
2013-03-19,13.818891525268555,14.01591730586094,13.636762637667923,13.971220131619493,526775200
2013-03-20,13.745614051818848,13.914364320985067,13.669905226453615,13.907979474096424,308660800
2013-03-21,13.765376091003418,13.92500374187178,13.685411250640744,13.68905996617115,383255600
2013-03-22,14.044498443603516,14.0502743591981,13.77693244191302,13.8216279934286,395105200
2013-03-25,14.095274925231934,14.288957268668826,14.040545812055797,14.129024328515012,501135600
2013-03-26,14.021087646484375,14.163991639261482,14.002540411605674,14.15182925183008,294294000
2013-03-27,13.745614051818848,13.889126963318919,13.70456721569191,13.878789746815078,331237200
2013-03-28,13.459196090698242,13.737708221113248,13.427574700564106,13.676897917925158,442839600
2013-04-01,13.041123390197754,13.490817440188753,13.005549630869613,13.436087517957766,389732000
2013-04-02,13.067885398864746,13.3217692123004,12.964811168717333,13.00129834037003,529519200
2013-04-03,13.134771347045898,13.295615240210752,13.083690140325926,13.115919649695012,363216000
2013-04-04,13.004944801330566,13.2262954133228,12.929844077790715,13.188593630619241,358447600
2013-04-05,12.867514610290527,12.920723848269088,12.760487202929534,12.907040753669895,383695200
2013-04-08,12.959027290344238,12.998249760371035,12.845920368250361,12.917675997191104,300829200
2013-04-09,12.982443809509277,13.02865925972717,12.853829399105274,12.963592920166684,306614000
2013-04-10,13.247272491455078,13.288928260218547,12.952949226673027,13.016496479730137,375928000
2013-04-11,13.20592212677002,13.317204719229746,13.110752667175879,13.187374080800337,328364400
2013-04-12,13.068182945251465,13.200445218873746,13.046595119408215,13.200445218873746,238613200
2013-04-15,12.76565170288086,13.010109962394447,12.756529913967757,12.983049061239686,317520000
2013-04-16,12.959941864013672,12.971190852931256,12.787543700188827,12.817948852550764,305771200
2013-04-17,12.247241020202637,12.788455796834022,12.104640706806773,12.778421423053821,945056000
2013-04-18,11.920384407043457,12.338152561002204,11.85014785622019,12.313828604534429,666299200
2013-04-19,11.87416934967041,12.149945349473654,11.70906780944245,11.796331706878895,609274400
2013-04-22,12.12166976928711,12.22900162364749,11.896672090489128,11.938326238889656,429920400
2013-04-23,12.348492622375488,12.416904014935394,12.125925014601286,12.283424668155977,664238400
2013-04-24,12.328119277954102,12.625786756050374,11.934066926417737,11.965689128101992,969651200
2013-04-25,12.41690731048584,12.585960463882861,12.374947878894961,12.503562305332869,384837600
2013-04-26,12.685079574584961,12.732815727943203,12.412952241970256,12.460384741593383,764097600
2013-04-29,13.077916145324707,13.184334597367236,12.770214245103531,12.783896524719472,640326400
2013-04-30,13.462847709655762,13.537949242369274,13.137207463809974,13.229335528875216,691538400
2013-05-01,13.356732368469238,13.528217973188157,13.207747180692342,13.51392757378728,506909200
2013-05-02,13.54615592956543,13.639498586735348,13.39747360525014,13.432439246466139,421828400
2013-05-03,13.68176555633545,13.780582927334429,13.656528195723073,13.722203465956476,361300800
2013-05-06,14.008014678955078,14.053317543598611,13.81341972239206,13.855986455743276,496641600
2013-05-07,13.945682525634766,14.16125556633936,13.794872168498053,14.137539722658872,483753200
2013-05-08,14.103180885314941,14.149701609832485,13.859027054570108,13.95723548833118,472598000
2013-05-09,13.980142593383789,14.17082112663148,13.943721218396004,14.073186930895218,398487600
2013-05-10,13.863837242126465,14.07012585292999,13.78762729481811,14.016870098527676,334852000
2013-05-13,13.918010711669922,14.014727913473873,13.818846566294894,13.819152229920673,316948800
2013-05-14,13.585013389587402,13.932091175559496,13.532675439362484,13.890772644483574,447118000
2013-05-15,13.12560749053955,13.49747751627889,12.92697190932825,13.441161855908973,741613600
2013-05-16,13.300985336303711,13.401068936471187,12.821075405751099,12.953907516511595,603204000
2013-05-17,13.260583877563477,13.469626754532161,13.191719656194238,13.437796053966439,427904400
2013-05-20,13.556546211242676,13.644386892127738,13.163864148077886,13.219261992051427,451578400
2013-05-21,13.456463813781738,13.634593768738558,13.289352459321941,13.410248132064963,456022000
2013-05-22,13.508186340332031,13.722432780196117,13.412387791074526,13.590824194473736,443038400
2013-05-23,13.532368659973145,13.655407252157712,13.338017277015945,13.342914432997306,353021200
2013-05-24,13.624495506286621,13.640104783645096,13.477890564570274,13.49288769737974,276166800
2013-05-28,13.510944366455078,13.806909300912066,13.492887328676437,13.769876599915152,386145200
2013-05-29,13.618374824523926,13.69642203297568,13.448508380419064,13.466872717919179,330576400
2013-05-30,13.821294784545898,13.910666249615002,13.604906192471809,13.639797612717713,353519600
2013-05-31,13.764674186706543,13.990244141180549,13.757634115736112,13.849452529161244,384302800
2013-06-03,13.794974327087402,13.845168546420496,13.5427764894551,13.795279990726039,372352400
2013-06-04,13.75181770324707,13.908523431824923,13.693053463671578,13.87148909686729,292728800
2013-06-05,13.623266220092773,13.794969025336817,13.580416934662054,13.639793299571307,290589600
2013-06-06,13.4197359085083,13.681115876043862,13.284761730735775,13.63428805004427,416934000
2013-06-07,13.522270202636719,13.56603731321059,13.245586579601367,13.359749498028725,404535600
2013-06-10,13.432899475097656,13.744779384782435,13.368932407569348,13.611641611981746,450153200
2013-06-11,13.393417358398438,13.55134740560336,13.262421675219667,13.336490359009023,286112400
2013-06-12,13.22783374786377,13.505129484930857,13.206715171289707,13.451568067192555,265227200
2013-06-13,13.343217849731445,13.37933355173006,13.122545107816038,13.2373201385962,285832400
2013-06-14,13.162334442138672,13.353319417953784,13.114893657438289,13.326079399450437,271866000
2013-06-17,13.22201919555664,13.335263486549982,13.171824976538101,13.204879965274014,259414400
2013-06-18,13.21497917175293,13.310777745962177,13.167233533740166,13.208552062931767,195025600
2013-06-19,12.94655990600586,13.21161192779622,12.94655990600586,13.203654049549941,310940000
2013-06-20,12.758028984069824,13.037771776523561,12.706916123871695,12.833321153013744,357310800
2013-06-21,12.65579891204834,12.85474181186964,12.490523963743506,12.808525305247363,481118400
2013-06-24,12.320350646972656,12.507662781481637,12.18292706433439,12.469098494456777,480746000
2013-06-25,12.32310676574707,12.481035977223403,12.206801750157082,12.417068913339005,314162800
2013-06-26,12.183536529541016,12.389212123124572,12.109774362839792,12.361972108763258,367724000
2013-06-27,12.052238464355469,12.285154166066265,12.044893546635162,12.219657147472137,337246000
2013-06-28,12.136407852172852,12.250875627088002,11.901961366192408,11.978172145528708,578516400
2013-07-01,12.52480411529541,12.618154943263077,12.279951990000438,12.324944210611779,391053600
2013-07-02,12.80852222442627,12.904627264710461,12.532452443936293,12.547449573726965,469865200
2013-07-03,12.879226684570312,12.945949625266266,12.77669532981688,12.88106311827614,240928800
2013-07-05,12.775776863098145,12.955437618446688,12.712421942665879,12.866679106742655,274024800
2013-07-08,12.703237533569336,12.885346846820651,12.568569011018706,12.858107642154376,298138400
2013-07-09,12.926665306091309,12.961862386943476,12.560305424856036,12.658858231980906,352584400
2013-07-10,12.877079963684082,13.001649303369254,12.801176511459746,12.842495031704095,281405600
2013-07-11,13.077860832214355,13.107243766407853,12.890549530424769,12.94502875301056,326292400
2013-07-12,13.05398941040039,13.154378661108687,12.959109460442095,13.088880831201305,279563200
2013-07-15,13.082450866699219,13.205489445765188,13.001650253468997,13.008078178650363,241917200
2013-07-16,13.166930198669434,13.182538660771902,12.982372270953586,13.054297221593847,216538000
2013-07-17,13.170292854309082,13.228752244753847,13.106325797991632,13.151623673194711,198990400
2013-07-18,13.21467399597168,13.309859611892206,13.179476910682983,13.26425606937551,218878800
2013-07-19,13.006246566772461,13.282622933555386,12.987882226992731,13.255689385827704,268721600
2013-07-22,13.047871589660645,13.153158025838437,13.02216232963468,13.14428233636131,207796400
2013-07-23,12.823827743530273,13.067761188346037,12.815257720840018,13.038379070690363,369395600
2013-07-24,13.482481002807617,13.607355219478116,13.321796739291507,13.434122401569375,591936800
2013-07-25,13.420961380004883,13.509720701350561,13.338629984797375,13.488296460309746,229493600
2013-07-26,13.497170448303223,13.498700400778237,13.293636914905633,13.323019031053743,200152400
2013-07-29,13.70529556274414,13.772629821743735,13.472992042282597,13.491355559608687,248057600
2013-07-30,13.874547958374023,13.991770751275999,13.74936647093618,13.7717093330456,309422400
2013-07-31,13.850369453430176,13.997586521939999,13.755489511624578,13.925662406594757,322957600
2013-08-01,13.97739028930664,13.981063157134635,13.872716008056484,13.948927606846086,206250800
2013-08-02,14.15674114227295,14.16622979049783,13.976775566121445,14.018094093223693,274783600
2013-08-05,14.368234634399414,14.405574636332036,14.144807584663466,14.22254749413271,318855600
2013-08-06,14.239690780639648,14.442917922824519,14.145422128862652,14.32447078066943,334857600
2013-08-07,14.23141860961914,14.293244374780366,14.133171479733866,14.195302908444297,298858000
2013-08-08,14.203078269958496,14.298277000020425,14.10880258536166,14.290882764155679,255777200
2013-08-09,14.000971794128418,14.186132073219488,13.97632598775258,14.13005994320532,266865200
2013-08-12,14.398714065551758,14.438456029838294,14.068137069831401,14.075223624446874,364434000
2013-08-13,15.08297348022461,15.239789206353793,14.419970121569937,14.50900863900269,881941200
2013-08-14,15.358095169067383,15.535244239327488,15.200971746032359,15.33899421280775,756372400
2013-08-15,15.33991813659668,15.478249938518179,15.067877987845616,15.294014302571798,490294000
2013-08-16,15.476093292236328,15.494886568209711,15.369187819193542,15.40892978976447,362306000
2013-08-19,15.642765998840332,15.827616979545269,15.527541612085306,15.53801595802394,510518400
2013-08-20,15.437272071838379,15.729954842469109,15.429570153457172,15.703459650909068,358688400
2013-08-21,15.477015495300293,15.624587606234662,15.441276685827605,15.51490972305065,335879600
2013-08-22,15.495500564575195,15.576527844115876,15.348851488545032,15.557734569800933,244207600
2013-08-23,15.435731887817383,15.507515543514458,15.384281559733411,15.505050798024538,222731600
2013-08-26,15.495809555053711,15.718556414464762,15.41971176848592,15.427413687165354,330965600
2013-08-27,15.052783966064453,15.48164157114215,14.982232663927363,15.342692740381748,424188800
2013-08-28,15.12395191192627,15.274915142550732,14.972990326659685,14.972990326659685,307608000
2013-08-29,15.148592948913574,15.296474361521728,15.131032051733321,15.14705289459326,239657600
2013-08-30,15.010570526123047,15.187102543416318,14.988387820610487,15.157834929882911,272297200
2013-09-03,15.05246639251709,15.422785210259836,15.01457217922502,15.19172116833987,331928800
2013-09-04,15.363944053649902,15.47331588271443,15.289695664704528,15.390748567772782,345032800
2013-09-05,15.258577346801758,15.425253661933224,15.208359404095095,15.412005246918184,236367600
2013-09-06,15.349466323852539,15.38520348549786,15.094679447466671,15.35624519613517,359525600
2013-09-09,15.594396591186523,15.648311669037792,15.511521574209882,15.55835009687605,340687200
2013-09-10,15.239173889160156,15.633832657329627,15.080818090894057,15.595321417000712,743195600
2013-09-11,14.409500122070312,14.593734118974565,14.320153906052964,14.387932772809597,898696400
2013-09-12,14.562920570373535,14.646410924538205,14.357117661809372,14.433832435530434,404051200
2013-09-13,14.322924613952637,14.536427854062847,14.316764395312424,14.459714703987721,298835600
2013-09-16,13.867575645446777,14.22156614724164,13.778231072075503,14.202774515918582,543706800
2013-09-17,14.027776718139648,14.163026734092385,13.786853629176067,13.80102509165707,399380800
2013-09-18,14.316145896911621,14.367596221922296,14.192294911477388,14.269932744414826,456862000
2013-09-19,14.55090618133545,14.65966100577929,14.456939827981525,14.501612923059662,404541200
2013-09-20,14.400252342224121,14.743459059496466,14.356811619712484,14.726515170381065,699302800
2013-09-23,15.115937232971191,15.309107118993316,14.868235269127961,15.284151984445666,762106800
2013-09-24,15.068490982055664,15.264740967520549,15.029056704951183,15.246564706028781,364344400
2013-09-25,14.835274696350098,15.085132148372912,14.832194586573818,15.071577690927938,316957200
2013-09-26,14.979766845703125,15.051858197691438,14.908290857531851,14.97298961692668,237221600
2013-09-27,14.872861862182617,14.932014122400412,14.810320164785088,14.904594233759497,228040400
2013-09-30,14.688007354736328,14.839276583853179,14.615914372117969,14.70341119130911,260156400
2013-10-01,15.033369064331055,15.069723232376907,14.738221593301368,14.740378656632805,353883600
2013-10-02,15.082662582397461,15.151673801981426,14.903665811367258,14.961585677657096,289184000
2013-10-03,14.8931884765625,15.168617966406568,14.810930493102338,15.111928832467767,322753200
2013-10-04,14.88148307800293,14.929851645307593,14.745000693476554,14.907053575144875,258868400
2013-10-07,15.026897430419922,15.177858935486876,14.95295673204168,14.990235585668948,312292400
2013-10-08,14.81709098815918,15.115933882130458,14.804767264527113,15.094366543095862,290917200
2013-10-09,14.991157531738281,15.028127055538153,14.735138355416069,14.931080615876217,301725200
2013-10-10,15.085131645202637,15.169546723621995,15.005029049397782,15.136891308723076,278602800
2013-10-11,15.182790756225586,15.214523116266378,14.947104846792678,15.003484658529572,267738800
2013-10-14,15.282296180725098,15.329741684609557,15.076187291312744,15.090975756734908,261898000
2013-10-15,15.363641738891602,15.465927050233336,15.266287564796773,15.32759524079176,320073600
2013-10-16,15.438501358032227,15.48224975941991,15.380581495470672,15.428642377960957,251101200
2013-10-17,15.542943954467773,15.55157056308782,15.394447162330348,15.40368913460172,253593200
2013-10-18,15.678190231323242,15.689589264367418,15.580219096279578,15.588845702840002,290542000
2013-10-21,16.0623779296875,16.15295484987165,15.759220844420833,15.766922762011788,398106800
2013-10-22,16.016468048095703,16.28080614540776,15.651694077238629,16.21795680400884,534063600
2013-10-23,16.17328643798828,16.195161461139463,15.98966622673225,15.98966622673225,313723200
2013-10-24,16.387413024902344,16.40466624658059,16.095964219947675,16.174525117856437,384764800
2013-10-25,16.2041015625,16.42807917397609,16.17791404889687,16.369234600182274,337792000
2013-10-28,16.32486915588379,16.359375594644067,16.119375514071496,16.29898932681358,550440800
2013-10-29,15.918192863464355,16.61354393843782,15.852263392187524,16.52173464051479,635807200
2013-10-30,16.171443939208984,16.252161895831758,15.928671414856376,16.008466325825733,354163600
2013-10-31,16.103656768798828,16.251230482623658,16.059600690024215,16.174517358303838,275696400
2013-11-01,16.021404266357422,16.168361021529854,15.89231609420676,16.14433057447341,274890000
2013-11-04,16.228439331054688,16.230596394988204,15.98381906699086,16.054370359443375,244627600
2013-11-05,16.188379287719727,16.294361655439197,16.112898544405013,16.16157642540699,265213200
2013-11-06,16.142526626586914,16.264621604390538,16.058237649094316,16.242618856442057,223375600
2013-11-07,15.881295204162598,16.212872292906955,15.877887632398139,16.1010049721597,262620400
2013-11-08,16.131370544433594,16.14903397649865,15.884391973813457,15.946059246895828,279316800
2013-11-11,16.084577560424805,16.16576678761287,15.940790972374872,16.113706582964188,227452400
2013-11-12,16.11432647705078,16.23549135587743,16.021051051435812,16.04181257472922,204276800
2013-11-13,16.133541107177734,16.18374279164411,16.019811966394144,16.052040739496874,197220800
2013-11-14,16.366878509521484,16.401584751473678,16.171960204974933,16.201089219547466,282419200
2013-11-15,16.268648147583008,16.395699730116363,16.253154375071908,16.31791973433803,317920400
2013-11-18,16.071563720703125,16.336826366700176,16.058239602968104,16.26865176652921,244944000
2013-11-19,16.100067138671875,16.21875285579391,16.05110503951472,16.08395275775272,208938800
2013-11-20,15.959070205688477,16.12702916569626,15.93830868557479,16.09015160868604,193916800
2013-11-21,16.149330139160156,16.151499795334036,15.91784718847132,16.039630932840023,262026800
2013-11-22,16.107816696166992,16.180949551355756,16.068461654384034,16.099139720386166,223725600
2013-11-25,16.229915618896484,16.295920560630165,16.14500767476875,16.14562663142217,229311600
2013-11-26,16.529260635375977,16.61417021765145,16.23797042416664,16.241687473279622,401382800
2013-11-27,16.918472290039062,16.919711857740104,16.529256306729913,16.61943361575799,363448400
2013-11-29,17.23177146911621,17.301804580673096,16.97580646216993,17.02755718642694,318127600
2013-12-02,17.081787109375,17.48773488520681,17.069081950706067,17.29157862151087,472544800
2013-12-03,17.549400329589844,17.55126050893846,17.28166028064075,17.300872755781374,450968000
2013-12-04,17.50848960876465,17.638331402066324,17.378957293582527,17.523983374300624,377809600
2013-12-05,17.598369598388672,17.822726516741255,17.552197743608577,17.745565451568048,447580000
2013-12-06,17.354169845581055,17.56272339080855,17.340226777435156,17.53297376552776,344352400
2013-12-09,17.552810668945312,17.65042375195451,17.381444118025485,17.381444118025485,320493600
2013-12-10,17.525543212890625,17.59774764707851,17.390743066807246,17.464496547510063,278269600
2013-12-11,17.395694732666016,17.693495502126744,17.343945675958,17.570470473232188,359718800
2013-12-12,17.370285034179688,17.519029857577575,17.354481786236626,17.419867745288087,262290000
2013-12-13,17.18094825744629,17.44280161224653,17.157398121000845,17.441871522528867,332822000
2013-12-16,17.27608299255371,17.435365001393905,17.19892360663074,17.199233084896136,282592800
2013-12-17,17.198301315307617,17.3361995210146,17.14840912089246,17.22371162986795,229902400
2013-12-18,17.06753158569336,17.088604242788417,16.696599530978347,17.034374381193285,565863200
2013-12-19,16.871994018554688,17.043670055459923,16.849372315463533,17.02817628237196,320308800
2013-12-20,17.013303756713867,17.093564557250644,16.8831524043289,16.9020554058286,436413600
2013-12-23,17.666229248046875,17.685751203315647,17.439083784958182,17.601462232156454,501306400
2013-12-24,17.591232299804688,17.721693070152078,17.540410026601617,17.66002582132949,167554800
2013-12-26,17.47441291809082,17.647949155094313,17.45829853159,17.604564268361337,204008000
2013-12-27,17.356346130371094,17.49021618532592,17.33806374074214,17.471933795696966,225884400
2013-12-30,17.183732986450195,17.356339063426923,17.115558418537915,17.274840384084293,253629600
2013-12-31,17.385164260864258,17.393220625982714,17.167624198061148,17.172893603676833,223084400
2014-01-02,17.140657424926758,17.26151277925325,17.106260666452766,17.21967861543947,234684800
2014-01-03,16.764144897460938,17.158317370788676,16.74710043327142,17.132288112339047,392467600
2014-01-06,16.855571746826172,16.944507866306182,16.53546030242972,16.65476666937577,412610800
2014-01-07,16.73501968383789,16.918470721695392,16.669324256736235,16.867650105627337,317209200
2014-01-08,16.840999603271484,16.90607441667662,16.693184897793664,16.696901945450335,258529600
2014-01-09,16.625940322875977,16.946361114511248,16.58968338269073,16.944500935546113,279148800
2014-01-10,16.515003204345703,16.75857248143182,16.45829421947305,16.728513376422715,304976000
2014-01-13,16.601463317871094,16.811254805576336,16.420180236801833,16.421110326464518,378492800
2014-01-14,16.931806564331055,16.942342067601928,16.66127615627632,16.67863011281078,332561600
2014-01-15,17.271745681762695,17.359753358396894,17.095111371950964,17.152750458825533,391638800
2014-01-16,17.17536163330078,17.25593185224037,17.095719848607047,17.195504188035677,229278000
2014-01-17,16.754545211791992,17.107813774500585,16.730683944401697,17.089531389921543,426739600
2014-01-21,17.014850616455078,17.04583815980695,16.746799429656505,16.764462858955508,328526800
2014-01-22,17.0904598236084,17.26957156834625,16.975802290948497,17.07186630764538,379985200
2014-01-23,17.235179901123047,17.24509644590211,16.882841358003468,17.041812242823607,403239200
2014-01-24,16.9218807220459,17.217819635725725,16.880974989828267,17.167617973667642,429354800
2014-01-27,17.059162139892578,17.19241320915802,16.911968000199376,17.04583802594434,554878800
2014-01-28,15.695672035217285,15.959072796856272,15.558391115761676,15.765705147158105,1065523200
2014-01-29,15.517480850219727,15.722625142164972,15.451475946941555,15.616644599173535,502810000
2014-01-30,15.487425804138184,15.695669896937426,15.391982387815963,15.572954332437197,678501600
2014-01-31,15.512837409973145,15.541656951688239,15.294368932729192,15.34488008655292,464797200
2014-02-03,15.541656494140625,15.7337862149303,15.472553477666136,15.57512482852366,401464000
2014-02-04,15.766631126403809,15.787394301618665,15.57977082428885,15.675525371934027,376681200
2014-02-05,15.884392738342285,15.96775163017273,15.687925318207695,15.69753238539338,328344800
2014-02-06,15.97697639465332,16.007839757598475,15.83045783173653,15.900600476263577,257765200
2014-02-07,16.20049476623535,16.301810447241483,16.128795462674262,16.253490917049373,370280400
2014-02-10,16.490724563598633,16.584246984663434,16.14812257025691,16.168697036727497,345559200
2014-02-11,16.708003997802734,16.763803774038863,16.50661801698538,16.541222335790366,282256800
2014-02-12,16.706756591796875,16.82023079612989,16.62321175410159,16.738866938036068,308100800
2014-02-13,16.972049713134766,16.985142251066716,16.653138863887747,16.66747838947369,307398000
2014-02-14,16.958332061767578,17.020370116982267,16.871670577504634,16.910948193333336,272924400
2014-02-18,17.02068519592285,17.18278864041994,17.008837977552755,17.020996526703517,260251600
2014-02-19,16.751964569091797,17.048741042387192,16.65781947595764,16.9820280193452,313768000
2014-02-20,16.558061599731445,16.740429836316004,16.491037247962474,16.61542137894294,305858000
2014-02-21,16.374135971069336,16.664677512183154,16.353872832524377,16.609187379268565,278784800
2014-02-24,16.44584083557129,16.519724482433496,16.285919983279697,16.308677105478974,288909600
2014-02-25,16.274690628051758,16.508806365166773,16.241646280832928,16.50288442124006,231952000
2014-02-26,16.127851486206055,16.366332376981195,16.073297044949452,16.3230008205058,276217200
2014-02-27,16.4495792388916,16.484181909625022,16.087336691827637,16.121316700953365,301882000
2014-02-28,16.405004501342773,16.60794728142187,16.276566363308355,16.493537346419075,371968800
2014-03-03,16.452383041381836,16.542475841268228,16.298071193374476,16.317087343729327,238781200
2014-03-04,16.56085968017578,16.60450423815078,16.452686439288208,16.553379420821148,259140000
2014-03-05,16.595781326293945,16.67028593510728,16.495088308358277,16.550891429589203,200062800
2014-03-06,16.545595169067383,16.66062774709731,16.462984283580294,16.609189901107605,185488800
2014-03-07,16.535926818847656,16.58393501534391,16.399072825222024,16.55618995380243,220729600
2014-03-10,16.550886154174805,16.62601506538751,16.470456297757533,16.471080623904427,178584000
2014-03-11,16.712055206298828,16.794666048671832,16.602946295259787,16.692105070785814,279224400
2014-03-12,16.728267669677734,16.751336108677172,16.584556089536886,16.66280331561473,199326400
2014-03-13,16.5424747467041,16.823351693105003,16.49602486403947,16.754146362545736,257742800
2014-03-14,16.356678009033203,16.549956130945258,16.30399318865017,16.484490101332312,237199200
2014-03-17,16.420581817626953,16.521273159152408,16.392836757995312,16.450509521913688,199544800
2014-03-18,16.565860748291016,16.583629916177824,16.372582547380766,16.394404011214025,209647200
2014-03-19,16.561491012573242,16.716736843729212,16.491037028757415,16.59266571002944,224756000
2014-03-20,16.481687545776367,16.605449029312087,16.439602947516875,16.518784191809203,208398400
2014-03-21,16.611675262451172,16.639108988067665,16.407798628664032,16.582371887977576,374046400
2014-03-24,16.808698654174805,16.84953625360558,16.679949252373664,16.784694556633408,355700800
2014-03-25,16.989503860473633,17.01319662308962,16.82116387688919,16.88070794652314,282293200
2014-03-26,16.827089309692383,17.114514133993936,16.79841025880981,17.0372025650961,299768000
2014-03-27,16.754762649536133,16.880706713584107,16.681816383061644,16.83456817922812,222031600
2014-03-28,16.736061096191406,16.800902789525313,16.654697232609582,16.781575313264927,200564000
2014-03-31,16.732322692871094,16.859200780311408,16.707069942798338,16.8099455976306,168669200
2014-04-01,16.885391235351562,16.892250502455667,16.733262014258166,16.764123721614673,200760000
2014-04-02,16.913440704345703,16.9424327500739,16.842052744728193,16.908141423218286,180420800
2014-04-03,16.796232223510742,16.911887445468217,16.760382567634508,16.877284777575603,162344000
2014-04-04,16.578954696655273,16.833958010441968,16.540299719150333,16.828036063892522,275251200
2014-04-07,16.318645477294922,16.550268912065217,16.269391950266915,16.46048744397303,289850400
2014-04-08,16.31770896911621,16.401255484538133,16.16994341620336,16.372263435206552,243888400
2014-04-09,16.532194137573242,16.53749342200936,16.27344987387406,16.292777361470314,206169600
2014-04-10,16.318952560424805,16.592036164763577,16.3092879910357,16.543403652028847,239652000
2014-04-11,16.19831085205078,16.29869085777593,16.121310615459663,16.17929304226526,271717600
2014-04-14,16.262832641601562,16.27779482022954,16.123484762555922,16.269690237436507,205674000
2014-04-15,16.146879196166992,16.261598770848096,15.940195498387249,16.218891509800876,266490000
2014-04-16,16.179609298706055,16.244451002899066,16.027791439470256,16.149681589907594,214765600
2014-04-17,16.364471435546875,16.452383256283483,16.18553282140875,16.21047258117381,284334400
2014-04-21,16.558687210083008,16.5889245882741,16.333921366966134,16.376941620928136,182548800
2014-04-22,16.57520866394043,16.579260958583937,16.41310355923666,16.469527683214924,202563200
2014-04-23,16.35854721069336,16.557437604916018,16.349193969650166,16.492907234173025,394940000
2014-04-24,17.699647903442383,17.76916621011903,17.480183091093913,17.713364766377264,759911600
2014-04-25,17.82965087890625,17.83120753282003,17.580882599649623,17.59865009758317,390275200
2014-04-28,18.52015495300293,18.571904124588805,17.848666040176354,17.856460964133664,669485600
2014-04-29,18.465280532836914,18.579066068390496,18.377370405778084,18.509236428801298,337377600
2014-04-30,18.395458221435547,18.68662411022536,18.386417974099373,18.474952462652418,456640800
2014-05-01,18.43878936767578,18.54228603645602,18.27917824186606,18.454998545947227,244048000
2014-05-02,18.473072052001953,18.523575876663045,18.38360361509863,18.465591792097477,191514400
2014-05-05,18.734315872192383,18.735564524909368,18.39264952654974,18.397014816448312,287067200
2014-05-06,18.53012466430664,18.841863247941095,18.53012466430664,18.760499386044653,374564400
2014-05-07,18.465280532836914,18.619903662970845,18.32188029091963,18.556308961279782,282864400
2014-05-08,18.432369232177734,18.633624449672173,18.382525869325068,18.44051908742316,230297200
2014-05-09,18.355560302734375,18.37781669914573,18.1922351178159,18.3242114970474,291597600
2014-05-12,18.584095001220703,18.61011326459921,18.413873848848922,18.416696498102908,213208800
2014-05-13,18.613250732421875,18.637701977935485,18.517327516882823,18.55807847662584,159737200
2014-05-14,18.6166934967041,18.727352716349312,18.549922616237073,18.57155287914693,166404000
2014-05-15,18.458385467529297,18.70227337472336,18.433934230308807,18.642713140874942,230846000
2014-05-16,18.730804443359375,18.731430582647118,18.35117820220535,18.452431956543712,276256400
2014-05-19,18.95274543762207,19.038638672978788,18.725157243340274,18.741458625908606,317755200
2014-05-20,18.956514358520508,19.009491778896372,18.83174854901188,18.95024459365805,234836000
2014-05-21,19.00666046142578,19.018885240628737,18.873431797471802,18.928917093602223,196859600
2014-05-22,19.036760330200195,19.11763944424793,18.937388343170237,19.015757877587305,200760000
2014-05-23,19.251806259155273,19.270615547401217,19.01168020547344,19.036131443108687,232209600
2014-05-27,19.612308502197266,19.619517473150268,19.298827086715217,19.306663870976948,348866000
2014-05-28,19.561521530151367,19.743967400496523,19.554310886037687,19.62453053917447,315481600
2014-05-29,19.917953491210938,19.964662806145302,19.67939445457089,19.681902359724,376474000
2014-05-30,19.84334945678711,20.19350698850409,19.714821805414935,19.999462395724372,564020800
2014-06-02,19.706989288330078,19.900720853421475,19.514198606589424,19.87344862960721,369350800
2014-06-03,19.985671997070312,20.02329058705515,19.69444852815832,19.701031362863276,292709200
2014-06-04,20.213882446289062,20.310122064451768,19.940840512466778,19.982534022960365,335482000
2014-06-05,20.293193817138672,20.356517597048967,20.14460459436587,20.257143929426945,303805600
2014-06-06,20.237390518188477,20.415763184431352,20.202909332631915,20.37312879564793,349938400
2014-06-09,20.561222076416016,20.60072075698253,20.133321098753356,20.341785334195272,301660000
2014-06-10,20.681907653808594,20.85745767226186,20.532690640374035,20.787237999714364,251108000
2014-06-11,20.596328735351562,20.793822099604487,20.51074855653682,20.655575907542865,182724000
2014-06-12,20.251813888549805,20.65338346413304,20.166233706759176,20.635828125773628,218996000
2014-06-13,20.030179977416992,20.28472733102392,19.9424049701674,20.232061322172754,218100000
2014-06-16,20.23206329345703,20.352754149455706,20.067485766642026,20.08065310722227,142244000
2014-06-17,20.20572853088379,20.341778191822645,20.144286532502512,20.256198026338883,118904000
2014-06-18,20.227676391601562,20.251814564108656,20.04554351692779,20.247424892287764,134056000
2014-06-19,20.157453536987305,20.254006211817224,20.043345525975763,20.25181137625227,142112000
2014-06-20,19.94898796081543,20.30886395643677,19.94679312540451,20.155257286881536,403592000
2014-06-23,19.93143653869629,20.104791738475242,19.880965359350327,20.03896005657516,174776000
2014-06-24,19.810745239257812,20.13112262409524,19.79099673962861,19.913880757328123,156144000
2014-06-25,19.828292846679688,19.902900492861153,19.67249304950499,19.795377019294943,147476000
2014-06-26,19.946794509887695,19.97971034666053,19.70541449716859,19.830493337570154,130516000
2014-06-27,20.183786392211914,20.188174389140414,19.918266538390373,19.929239041965115,256116000
2014-06-30,20.392250061035156,20.56780006886323,20.20792238539878,20.210117220893096,197929200
2014-07-01,20.521713256835938,20.642404075096305,20.43613310358537,20.521713256835938,152892000
2014-07-02,20.5129451751709,20.64021719948977,20.427363314748696,20.598525361423803,113860000
2014-07-03,20.63362693786621,20.64898743565966,20.451494125337675,20.554629613737415,91567200
2014-07-07,21.059335708618164,21.063723705013125,20.648988567684572,20.657766234643283,225872000
2014-07-08,20.923295974731445,21.24148030014434,20.609501322314436,21.125177404129456,260888000
2014-07-09,20.93206787109375,21.054951894357547,20.79382334492198,20.943040376386268,145744000
2014-07-10,20.85526466369629,20.96717785211882,20.521719934248136,20.574385948899444,158744000
2014-07-11,20.89476203918457,21.04178422073604,20.815764696285758,20.925483042070873,136072000
2014-07-14,21.16466522216797,21.261217888460923,20.989116898380342,21.035198396155927,171240000
2014-07-15,20.91670799255371,21.252445904827898,20.853071143129885,21.241475073377153,181911600
2014-07-16,20.7982120513916,21.307305174767517,20.78943438169227,21.27877900387168,213585200
2014-07-17,20.427358627319336,20.90792546613337,20.31325229655567,20.85306629911511,229192000
2014-07-18,20.72140121459961,20.789426034745834,20.41199476005974,20.5436580785176,199952000
2014-07-21,20.613882064819336,20.846484407740043,20.565605727797532,20.844289572192963,156316000
2014-07-22,20.785043716430664,20.822347552238355,20.653382036176453,20.776266047857835,220788000
2014-07-23,21.32705307006836,21.47846325222899,20.883790005572486,20.93864917970134,371672000
2014-07-24,21.291942596435547,21.35557943992729,21.158086076361393,21.29413743218882,182916000
2014-07-25,21.4323787689209,21.469682600344715,21.20635927078154,21.252440769746652,173876000
2014-07-28,21.72861671447754,21.77689304616241,21.40604623981454,21.465293399684004,221272000
2014-07-29,21.588178634643555,21.82078263942914,21.55965247071644,21.79664447219508,172572000
2014-07-30,21.537710189819336,21.658399357709612,21.43237984818862,21.601347027071583,132040000
2014-07-31,20.978147506713867,21.384105053751,20.918900336264404,21.320469886077877,227372000
2014-08-01,21.09445571899414,21.20198093976747,20.804799254756958,20.824549434270907,194044000
2014-08-04,20.9759464263916,21.193189893093265,20.883783444610135,21.147108402202534,159832000
2014-08-05,20.87281608581543,20.995700081941607,20.706043752380697,20.925480416416807,223732000
2014-08-06,20.83771324157715,20.951821287263808,20.78285405496574,20.791631725723906,154232000
2014-08-07,20.83550453186035,21.15967956409238,20.751702741252267,20.9347415462686,186844000
2014-08-08,20.892839431762695,20.910482090071344,20.57086848886411,20.786986846903805,167460000
2014-08-11,21.168495178222656,21.188343585243153,20.914887486824796,21.00971465204326,146340000
2014-08-12,21.16408920288086,21.36476896703293,21.084698925360176,21.179526107815633,135180000
2014-08-13,21.44416046142578,21.44416046142578,21.179527309670906,21.203785544873032,127664000
2014-08-14,21.501502990722656,21.51693989992894,21.347133898659823,21.464013594435528,112464000
2014-08-15,21.60735511779785,21.65366584077347,21.360362912764472,21.589712456903307,195804000
2014-08-18,21.86758041381836,21.913891140895196,21.607357031317402,21.719825218862475,190288000
2014-08-19,22.169692993164062,22.20277254969069,21.90285415350924,21.92270256042367,277596000
2014-08-20,22.178516387939453,22.293190287759654,22.0417883267148,22.149848333608478,210796000
2014-08-21,22.180728912353516,22.26011920665777,22.077080379095364,22.178523159040395,133912000
2014-08-22,22.343914031982422,22.37699359385569,22.09471780653043,22.116770286947137,176736000
2014-08-25,22.392431259155273,22.531363404747378,22.335093462126714,22.4475633033183,161080000
2014-08-26,22.249088287353516,22.383610613819542,22.242472711051334,22.365967955349387,132608000
2014-08-27,22.52254295349121,22.619575893398412,22.207187581289347,22.277756533268256,209476000
2014-08-28,22.54900550842285,22.66588516997613,22.396840531874247,22.403456107811763,273840000
2014-08-29,22.604137420654297,22.69234902513662,22.537978296668452,22.683527696438748,178380000
2014-09-02,22.78055763244629,22.87758887036395,22.652650906900064,22.72762966722263,214256000
2014-09-03,21.81905746459961,22.75850624820539,21.739667189577094,22.736453767920555,501684000
2014-09-04,21.63823127746582,22.07267049220938,21.565456555263754,21.799215948704045,342872000
2014-09-05,21.825679779052734,21.918301234343485,21.68013033574134,21.788190382744133,233828000
2014-09-08,21.69115447998047,21.9006556027129,21.622791274509257,21.89845153205019,185426800
2014-09-09,21.60955047607422,22.732039506101383,21.201573781730794,21.849927006982163,759385200
2014-09-10,22.273344039916992,22.297602271985916,21.558833276468132,21.613965316170898,403478400
2014-09-11,22.3681697845459,22.370375537091874,21.96901438103189,22.143231817246967,249412400
2014-09-12,22.41888999938965,22.53576963646265,22.290983283066108,22.31965133362301,250504400
2014-09-15,22.412277221679688,22.725428500523346,22.370378013644984,22.67250052853781,245266000
2014-09-16,22.242469787597656,22.330681385857766,21.808029054226072,22.008710482330223,267632400
2014-09-17,22.40125274658203,22.449769214988123,22.18292863875461,22.332887867238682,243706000
2014-09-18,22.447566986083984,22.57106224687103,22.396844756834025,22.478440801280744,149197600
2014-09-19,22.264530181884766,22.571064290881093,22.16308739669504,22.557833135311924,283609600
2014-09-22,22.286577224731445,22.524748061779967,22.180724641040868,22.449769288540516,211153600
2014-09-23,22.63501739501953,22.70117653702535,22.17190844846941,22.185139603871825,253608800
2014-09-24,22.438743591308594,22.681324266607206,22.317452412410994,22.529160957849818,240687200
2014-09-25,21.583093643188477,22.20939286855706,21.550014079595854,22.16528790543123,400368000
2014-09-26,22.21821403503418,22.21821403503418,21.699973150865187,21.728641208437462,249482000
2014-09-29,22.07707405090332,22.149848746904816,21.750691636485175,21.7551031418469,199065200
2014-09-30,22.21821403503418,22.392431498349907,22.16969756645303,22.231445187375773,221056400
2014-10-01,21.871986389160156,22.204984433822514,21.766132115543513,22.182930268383956,205965200
2014-10-02,22.030763626098633,22.101332570337036,21.62058111193281,21.89182980783503,191031200
2014-10-03,21.96902084350586,22.099131679556365,21.841114078153467,21.92932569848259,173878400
2014-10-06,21.96902084350586,22.196164630168074,21.924914192092942,22.041793873967926,148204800
2014-10-07,21.77715301513672,22.07927716139975,21.772743192799037,21.927112212059786,168376800
2014-10-08,22.229246139526367,22.297609352066097,21.680129638330474,21.779368350804162,229618800
2014-10-09,22.277759552001953,22.577678059176716,22.187343858697503,22.39243516606706,309506000
2014-10-10,22.213802337646484,22.500487936671984,22.118975161373537,22.204981009330822,265326400
2014-10-13,22.010913848876953,22.445354568361225,22.010913848876953,22.346117575050993,214333600
2014-10-14,21.77715301513672,22.167487068122394,21.73745788411308,22.138819016687147,254754400
2014-10-15,21.510318756103516,21.865369258473056,20.989872119679713,21.605145940261153,403734400
2014-10-16,21.22804069519043,21.550011599951723,21.040592099729604,21.071465906864503,288618000
2014-10-17,21.538984298706055,21.832287145981482,21.3493299525352,21.501494916496913,272718800
2014-10-20,21.999889373779297,22.043994332101303,21.66027581071166,21.68232828987266,310069200
2014-10-21,22.5975284576416,22.71881797711431,22.332893566752507,22.71881797711431,378495600
2014-10-22,22.712196350097656,22.95918851264404,22.62619049615221,22.67911678723484,273052400
2014-10-23,23.117971420288086,23.166487893089833,22.853336572959464,22.952575271643934,284298800
2014-10-24,23.20397186279297,23.26351372209803,23.051806903185472,23.195150535026247,188215600
2014-10-27,23.179719924926758,23.261315967048564,23.089302552643403,23.12238212012504,136750800
2014-10-28,23.53917694091797,23.53917694091797,23.232642912104684,23.24366999385913,192243600
2014-10-29,23.671493530273438,23.678110788829787,23.455376860666775,23.51933023340651,210751600
2014-10-30,23.592098236083984,23.673692560982584,23.353927470577634,23.5876867316324,162619200
2014-10-31,23.817045211791992,23.825866541547803,23.64282773473207,23.8192509648551,178557200
2014-11-03,24.12578773498535,24.324263470558183,23.819253642127187,23.865564366678043,209130400
2014-11-04,23.949365615844727,24.145635607373762,23.755301377730873,24.11696754296394,166297600
2014-11-05,24.00670051574707,24.103733464284762,23.845714185900142,24.059626813814596,149743600
2014-11-06,24.07535743713379,24.09529191499934,23.876022797231112,24.053209331565952,139874000
2014-11-07,24.144014358520508,24.212673980198527,24.042131739652795,24.086427942711165,134766000
2014-11-10,24.104150772094727,24.214892986403946,24.068712452415575,24.14623166447361,108782000
2014-11-11,24.296838760375977,24.307913656637457,24.008910045288683,24.075354353481785,109769200
2014-11-12,24.640146255493164,24.680013526015095,24.22375607765816,24.225969705614915,187769600
2014-11-13,24.987871170043945,25.12740574058527,24.717659918380342,24.76195781443533,238091600
2014-11-14,25.289094924926758,25.291310242599803,24.631285828791164,25.06096620857908,176254400
2014-11-17,25.24700927734375,25.975693242546182,25.09418617227625,25.30902464633254,186986800
2014-11-18,25.57480812072754,25.623534967062753,25.224862305949312,25.235937203677185,176896000
2014-11-19,25.39761734008789,25.63460559540397,25.204926981433495,25.56816128509941,167476800
2014-11-20,25.760852813720703,25.882669922832864,25.437485757468124,25.450775971966213,173582000
2014-11-21,25.796293258666992,26.039925807178292,25.698839563345597,26.02663728137708,228717200
2014-11-24,26.27469253540039,26.305700214767512,25.829510128861674,25.88045059219689,189803200
2014-11-25,26.046567916870117,26.522759766290104,26.013344915321365,26.3721502904222,275361600
2014-11-26,26.356645584106445,26.37879368781536,26.097509222148922,26.12187264316633,163073200
2014-11-28,26.341140747070312,26.445238689339444,26.14623507608875,26.416444634793212,99257600
2014-12-01,25.486209869384766,26.41201473002903,24.644568472511114,26.314561053184832,335256000
2014-12-02,25.388761520385742,25.63682470904904,24.972371368857708,25.13848470390554,237395600
2014-12-03,25.676692962646484,25.769716028293807,25.49507577694787,25.636825693113018,172253600
2014-12-04,25.579235076904297,25.957973230615348,25.53493886902156,25.641250443856936,168178000
2014-12-05,25.4707088470459,25.709912431333464,25.39097431895004,25.68997795441347,153275600
2014-12-08,24.89484977722168,25.393189734858176,24.722092195607758,25.27137262485243,230659600
2014-12-09,25.27580451965332,25.315671785843314,24.219322810514516,24.405370615998546,240832000
2014-12-10,24.795181274414062,25.437486459678954,24.704373536762624,25.340034459491083,178261200
2014-12-11,24.722089767456055,25.204925835467957,24.660072714949365,24.863839650744698,165606800
2014-12-12,24.303483963012695,24.777460443975695,24.270260965044063,24.46516662877917,224112400
2014-12-15,23.97125816345215,24.717659535142577,23.554866395951,24.518323230465633,268872400
2014-12-16,23.64346694946289,24.398729796138586,23.534940033328535,23.5593034599821,243162800
2014-12-17,24.23261260986328,24.327849293790877,23.65896705007462,23.725413055848236,213647200
2014-12-18,24.95022201538086,24.95022201538086,24.509468461553546,24.777464425930564,236024800
2014-12-19,24.757532119750977,25.08089922140936,24.730955066607073,24.86384540170346,353719200
2014-12-22,25.01445770263672,25.136273152715955,24.799617486749767,24.84170007866772,180670000
2014-12-23,24.925859451293945,25.100832364272758,24.908140290280144,25.07868425790161,104113600
2014-12-24,24.808481216430664,24.963519702376804,24.808481216430664,24.934727323499025,57918400
2014-12-26,25.24700927734375,25.36439575289997,24.80847105961326,24.828403846877343,134884000
2014-12-29,25.229291915893555,25.419766968695274,25.182778699160025,25.202713176301835,110395600
2014-12-30,24.92142677307129,25.23150530622355,24.830619037456394,25.16948993755151,119526000
2014-12-31,24.447452545166016,25.05653477176595,24.40980059488997,24.987875134228194,165613600
2015-01-02,24.21489906311035,24.682231459955254,23.776359040886113,24.671156559828262,212818400
2015-01-05,23.53271484375,24.064277681708337,23.346668779850006,23.984543171525004,257142000
2015-01-06,23.534936904907227,23.794073292366384,23.173916188735014,23.59695227731193,263188400
2015-01-07,23.864944458007812,23.964611763586213,23.632385158602347,23.743127360263635,160423600
2015-01-08,24.78189468383789,24.8394811133024,24.075358755914475,24.192746932459276,237458000
2015-01-09,24.808481216430664,25.08312154430358,24.409808410008072,24.954660118923773,214798000
2015-01-12,24.19717025756836,24.945786907555252,24.09750295530747,24.939142646043436,198603200
2015-01-13,24.412012100219727,24.98344228730691,24.121868061955624,24.68000803529737,268367600
2015-01-14,24.318988800048828,24.471811893300426,24.03105839224342,24.15066017595681,195826400
2015-01-15,23.658967971801758,24.376577089070306,23.623531339856147,24.363288563314725,240056000
2015-01-16,23.475135803222656,23.82729694872675,23.300162889264197,23.7054798283151,314053200
2015-01-20,24.07978630065918,24.13515740540139,23.588090620181628,23.88487893049971,199599600
2015-01-21,24.26361656188965,24.598056787392125,23.98011511203048,24.130724570790218,194303600
2015-01-22,24.89484977722168,24.91035361942313,24.30127144897852,24.42087324158633,215185600
2015-01-23,25.023311614990234,25.19385388237781,24.702158177998953,24.872702135178624,185859200
2015-01-26,25.04988670349121,25.328957536245927,24.983442393649014,25.191636592238247,222460000
2015-01-27,24.172815322875977,24.912574343678344,24.148451895587154,24.899284126198346,382274800
2015-01-28,25.539363861083984,26.161736131199586,25.539363861083984,26.053207566037766,585908400
2015-01-29,26.334497451782227,26.39872813532269,25.59473862220585,25.763067251836308,337745600
2015-01-30,25.949119567871094,26.57813460918825,25.8804582377386,26.2237598190242,334982000
2015-02-02,26.27469253540039,26.39429430858434,25.709908355677726,26.14623287364737,250956400
2015-02-03,26.279129028320312,26.376581032432806,26.048785008958852,26.24590602450807,207662800
2015-02-04,26.48067855834961,26.691089785876024,26.20382301407181,26.24590559753552,280598800
2015-02-05,26.669681549072266,26.734165723731444,26.51625362672937,26.687468941440304,168984800
2015-02-06,26.445100784301758,26.73861398429588,26.33836794045799,26.687470774515095,174826400
2015-02-09,26.620759963989258,26.647441898327116,26.333917294632176,26.360600925430763,155559200
2015-02-10,27.13219451904297,27.161102221599396,26.71860910065451,26.72083146511161,248034000
2015-02-11,27.768136978149414,27.777031524322094,27.238924204334104,27.29896027042317,294247200
2015-02-12,28.11945915222168,28.34626580003288,27.92156019868773,28.030515402030247,297898000
2015-02-13,28.2573299407959,28.301800980079836,27.939357090177662,28.301800980079836,217088800
2015-02-17,28.424091339111328,28.657568474541197,28.221744262210645,28.348488556639758,252609600
2015-02-18,28.621990203857422,28.635331172766996,28.339593921224484,28.379618524414152,179566800
2015-02-19,28.561954498291016,28.690922861865086,28.535272558559186,28.568624983223973,149449600
2015-02-20,28.79543113708496,28.79543113708496,28.473011930350665,28.599754534742676,195793600
2015-02-23,29.573684692382812,29.573684692382812,28.831008011401682,28.91105721846636,283896400
2015-02-24,29.389127731323242,29.707102206832975,29.16676919202935,29.56034475659771,276912400
2015-02-25,28.637556076049805,29.262386449737566,28.495246740191888,29.253490207727708,298846800
2015-02-26,29.0,29.10006066310566,28.152814516558337,28.637554498809845,365150000
2015-02-27,28.564178466796875,29.0333551042649,28.515259318403285,28.906609112630072,248059200
2015-03-02,28.704269409179688,28.968876672675908,28.528607616942548,28.73984759768332,192386800
2015-03-03,28.764305114746094,28.799883300697513,28.48190877725586,28.675363042790107,151265200
2015-03-04,28.58197021484375,28.80877691514904,28.533054449015793,28.706493868977883,126665200
2015-03-05,28.108346939086914,28.628665165462678,27.96381353293991,28.59086461666674,226068400
2015-03-06,28.15060043334961,28.76653305294298,28.074999318245982,28.550844924088405,291368400
2015-03-09,28.270660400390625,28.810993335881307,27.808154299397792,28.452994307989236,354114000
2015-03-10,27.685863494873047,28.288454960913256,27.5279891281801,28.108345078545167,275426400
2015-03-11,27.18111228942871,27.743679224261488,27.15220628481303,27.739232799113434,275756000
2015-03-12,27.67252540588379,27.772587787665888,27.04547425993589,27.19667816658453,193450800
2015-03-13,27.481290817260742,27.883760923464692,27.256709915985283,27.661402386110844,207309200
2015-03-16,27.7836971282959,27.7836971282959,27.321192683806192,27.54577357347837,143497200
2015-03-17,28.248432159423828,28.31069228587761,27.93935389134169,27.99494353231274,204092400
2015-03-18,28.566402435302734,28.719830373617224,28.09944983193032,28.239535104003725,261083600
2015-03-19,28.350709915161133,28.73983730615354,28.32847440353944,28.62865805158428,183238000
2015-03-20,27.994937896728516,28.55083249807218,27.830393067587416,28.517480077372603,274780400
2015-03-23,28.28623390197754,28.428543253152814,28.1328059435543,28.266222444684743,150838800
2015-03-24,28.17059898376465,28.47078092382053,28.141691292951904,28.29067277766344,131369200
2015-03-25,27.434600830078125,28.199514883696004,27.434600830078125,28.137254753092005,206620800
2015-03-26,27.625825881958008,27.76813521878184,27.261157994289306,27.29673617672582,190291600
2015-03-27,27.40569496154785,27.72811422368741,27.330093858713987,27.699208219038226,158184800
2015-03-30,28.099451065063477,28.10612155024622,27.57246068163208,27.58357928791074,188398800
2015-03-31,27.668073654174805,28.126131711225387,27.652508623977777,28.037187954473346,168362400
2015-04-01,27.628049850463867,27.82150239978064,27.37233717855166,27.7547941561649,162485600
2015-04-02,27.8659725189209,27.91933809418971,27.614707976255076,27.801488337926436,128880400
2015-04-06,28.31735610961914,28.352934285772125,27.645834151109312,27.676964207012766,148776000
2015-04-07,28.019411087036133,28.488586229659173,28.012740599654347,28.38185503862723,140049200
2015-04-08,27.928232192993164,28.106119702993404,27.788146923979166,27.983821827810612,149316800
2015-04-09,28.141700744628906,28.146148866152842,27.719220808765048,27.983826359755124,129936000
2015-04-10,28.261768341064453,28.286227914663616,27.85262946715282,28.00605569663922,160752000
2015-04-13,28.206180572509766,28.588639230734085,28.152814997705434,28.544164808218575,145460400
2015-04-14,28.083881378173828,28.304015835014305,27.99716169225301,28.239531661503285,102098400
2015-04-15,28.19061851501465,28.268443673239815,28.019403166919286,28.10834693194571,115881600
2015-04-16,28.054983139038086,28.26177669740899,28.041642166388808,28.079442719869373,113476000
2015-04-17,27.739225387573242,28.04830359485218,27.674741213157088,27.91711288227029,207828000
2015-04-20,28.372957229614258,28.48858295602254,27.832625759777404,27.921569539724583,188217200
2015-04-21,28.219526290893555,28.50636734678086,28.16615901385577,28.484133526040274,129740400
2015-04-22,28.599760055541992,28.655349701672606,28.088336329017185,28.237316173496495,150618000
2015-04-23,28.833229064941406,28.999997956003867,28.493020798607734,28.528598976335616,183083600
2015-04-24,28.96887969970703,29.046706571075703,28.735402478524165,29.015576501112864,178103600
2015-04-27,29.495853424072266,29.60258794609363,29.16231567682868,29.420252348998194,387816800
2015-04-28,29.031126022338867,29.9161119268668,28.810993272703,29.89832623214437,475696000
2015-04-29,28.60420036315918,29.26015732972162,28.5285992793757,28.942186269320725,253544400
2015-04-30,27.828176498413086,28.604207464037806,27.701432176253967,28.604207464037806,332781600
2015-05-01,28.67313575744629,28.93552062370091,27.861528367104484,28.03941419799725,234050400
2015-05-04,28.617544174194336,29.033356962148268,28.519705871146353,28.795431689470476,203953200
2015-05-05,27.97270965576172,28.56195852744418,27.968261534204885,28.495250275782126,197085600
2015-05-06,27.797040939331055,28.183944315277262,27.43014901723643,28.141695650753707,288564000
2015-05-07,27.96897315979004,28.152068713553735,27.69209562693978,27.85956113478025,175763600
2015-05-08,28.49593162536621,28.49593162536621,28.158767256911965,28.286040975612977,222201600
2015-05-11,28.205657958984375,28.482533795746967,28.051589142485113,28.44457535513179,168143200
2015-05-12,28.105182647705078,28.33070167104977,27.870730221341702,28.044894102161358,192640000
2015-05-13,28.136445999145508,28.399925201611197,28.10518589915362,28.167706099137398,138776800
2015-05-14,28.792903900146484,28.792903900146484,28.39322103167603,28.449042870725208,180814000
2015-05-15,28.752714157104492,28.913481328066453,28.627673781266235,28.81970104618776,152832000
2015-05-18,29.069780349731445,29.18812237147555,28.661164094483212,28.66563079542484,203531600
2015-05-19,29.04298973083496,29.223851954649565,28.9469743904439,29.181426809390363,178532800
2015-05-20,29.040748596191406,29.24617252387725,28.87998145155133,29.027351901987092,145819600
2015-05-21,29.337718963623047,29.391309143552125,28.98939131181877,29.04298149174785,158921600
2015-05-22,29.59450340270996,29.690518733383474,29.33995596401194,29.38461615898261,182384000
2015-05-26,28.942506790161133,29.677124119570855,28.830863109091734,29.60790558244299,282790400
2015-05-27,29.48286247253418,29.53198596589671,29.03852279224789,29.103274629628586,183332800
2015-05-28,29.424802780151367,29.462761215729895,29.272969037837246,29.442666174616694,122933200
2015-05-29,29.08987808227539,29.351123894449234,29.005027792013937,29.302000400834167,203538000
2015-06-01,29.147930145263672,29.337725761952687,29.038521520643027,29.08987665887506,128451200
2015-06-02,29.01841926574707,29.174719695721333,28.875515528757198,28.99608917271053,134670400
2015-06-03,29.054153442382812,29.237250733466112,29.0050299451212,29.174730538241356,123934000
2015-06-04,28.884450912475586,29.156861744311495,28.783972289246318,28.93357440064891,153800400
2015-06-05,28.725915908813477,28.958136658313954,28.66116407712451,28.91571151713053,142507200
2015-06-08,28.536123275756836,28.850959248843054,28.319534279272943,28.781737310168158,210699200
2015-06-09,28.45127296447754,28.598643429224612,28.049356767393892,28.290505804225184,224301600
2015-06-10,28.777280807495117,28.87999110211272,28.547293357670114,28.56292340731379,156349200
2015-06-11,28.712520599365234,29.0675466815236,28.687958853657094,28.844259323120394,141563600
2015-06-12,28.39545249938965,28.654466648645087,28.382055803237584,28.623206555258715,147544800
2015-06-15,28.339632034301758,28.41108392315489,28.069454526339996,28.156536462643892,175955600
2015-06-16,28.491466522216797,28.547288361681776,28.216824026035603,28.364192796378532,125976400
2015-06-17,28.424484252929688,28.553989639077844,28.299442161288418,28.518264543999997,131672400
2015-06-18,28.553987503051758,28.65000113774058,28.40661872861507,28.408852079248966,141628800
2015-06-19,28.268177032470703,28.54058786108312,28.223520245685513,28.516026117287105,218867600
2015-06-22,28.493696212768555,28.594174829480085,28.37535420087142,28.46690111999015,136157200
2015-06-23,28.36419105529785,28.49369812375843,28.330697612965324,28.464671382295435,121075600
2015-06-24,28.6053409576416,28.98269710333946,28.384286970399828,28.404382013082174,221123600
2015-06-25,28.46913719177246,28.848725006243843,28.46913719177246,28.772808124768485,127752400
2015-06-26,28.30167007446289,28.578545896423,28.248081590368365,28.5070940164479,176267200
2015-06-29,27.805973052978516,28.239151051350287,27.794809707755416,28.01363035385756,196645600
2015-06-30,28.006938934326172,28.16100778702475,27.87966518317664,28.03819903435955,177482800
2015-07-01,28.268177032470703,28.344095614262187,28.131971618164496,28.335163916195704,120955200
2015-07-02,28.232454299926758,28.288276139840534,28.082850474261843,28.230220949336946,108844000
2015-07-06,28.134206771850586,28.185563613137802,27.87742597250915,27.897522720333654,112241600
2015-07-07,28.064983367919922,28.167695329127827,27.636270425362397,28.10964014982004,187787200
2015-07-08,27.36833381652832,27.830538620225102,27.361635467764923,27.794813525637824,243046400
2015-07-09,26.81010627746582,27.70102213526884,26.62031241151437,27.654132006284147,314380000
2015-07-10,27.5268611907959,27.65413489807677,27.06465649556041,27.22765699259238,245418000
2015-07-13,28.05828857421875,28.08061696799642,27.75908264624676,27.91761645667965,165762000
2015-07-14,28.0471248626709,28.216823729856447,27.91985113816857,28.14313849368475,127072400
2015-07-15,28.31730079650879,28.390986028616197,28.040424967933756,28.071685059698005,134596800
2015-07-16,28.694658279418945,28.708058383385907,28.435645819789098,28.522727756552765,144889600
2015-07-17,28.942506790161133,28.942506790161133,28.650000890894464,28.821933113727873,184658800
2015-07-20,29.489566802978516,29.690524088212058,29.183660766311508,29.24394931471962,235600800
2015-07-21,29.1948299407959,29.67936322962341,29.09881798633914,29.66373488203316,307025600
2015-07-22,27.960046768188477,28.022566963747156,27.23882776131358,27.23882776131358,461802400
2015-07-23,27.946643829345703,28.377586753004575,27.92431373287769,28.17886115997897,203998000
2015-07-24,27.799278259277344,28.076154127998937,27.665306174640925,27.98237383910819,168649200
2015-07-27,27.412982940673828,27.6005451713077,27.26784754861487,27.484434813404107,177822000
2015-07-28,27.549196243286133,27.667539985288723,27.363869013173137,27.549196243286133,134472400
2015-07-29,27.46211051940918,27.57598754415561,27.30134335589593,27.49783731287758,148046800
2015-07-30,27.323667526245117,27.368324304845917,27.17629709047805,27.312502479821465,134513200
2015-07-31,27.08475685119629,27.383961089285012,26.99767491900346,27.375029390656604,171540000
2015-08-03,26.446155548095703,27.368331734567274,26.240729881542865,27.129414326745238,279904000
2015-08-04,25.5976619720459,26.280920726034005,25.28729268813971,26.218400539858273,496554400
2015-08-05,25.76736068725586,26.222867088448904,25.03051174636031,25.22030565430392,397250400
2015-08-06,25.823436737060547,26.130725715606143,25.59689691360648,26.011848009757106,211612000
2015-08-07,25.91090965270996,26.07464798007613,25.68212639758036,25.700070652053586,154681600
2015-08-10,26.85296058654785,26.913520302057684,26.137449318951404,26.137449318951404,219806400
2015-08-11,25.455583572387695,26.507541906594625,25.419696776558233,26.42455101739805,388331200
2015-08-12,25.848102569580078,25.888476280418214,24.589790578259198,25.24025515898116,404870000
2015-08-13,25.827922821044922,26.10829540548688,25.69110086293657,26.027547964266923,194143200
2015-08-14,26.009597778320312,26.088101741814516,25.572217330811124,25.6417491682977,171718000
2015-08-17,26.278762817382812,26.38866839301048,25.906427198152485,26.027548361832526,163538800
2015-08-18,26.130720138549805,26.341560831476333,26.020814584501316,26.115019345114305,138242800
2015-08-19,25.796520233154297,26.135209069986114,25.722501463015533,26.041004295950447,193146000
2015-08-20,25.267175674438477,25.648481674930427,25.038390705136656,25.587921954384836,274006400
2015-08-21,23.72176170349121,25.098951562027775,23.697088781656007,24.769233162283008,513102000
2015-08-24,23.129613876342773,24.40362677759417,20.63541912283421,21.27915509630601,648825200
2015-08-25,23.26868438720703,24.921761998296493,23.21485332242341,24.921761998296493,414406400
2015-08-26,24.60325813293457,24.648117066601113,23.56251512829146,24.02008172771778,387098400
2015-08-27,25.32773780822754,25.399513122615115,24.67727305900723,25.17297330263905,338464400
2015-08-28,25.410722732543945,25.415207939962393,25.01820119999396,25.159508335659048,212657600
2015-08-31,25.291845321655273,25.688852065786055,25.12137834657979,25.128107013407043,224917200
2015-09-01,24.16138458251953,25.09446351743567,24.080637153090667,24.706428875535263,307383600
2015-09-02,25.197643280029297,25.197643280029297,24.477646711607818,24.72437594701632,247555200
2015-09-03,24.755769729614258,25.296326994726947,24.68175098234016,25.2312803723883,212935600
2015-09-04,24.509044647216797,24.773716387417842,24.338579378873042,24.441756265899464,199985200
2015-09-08,25.190916061401367,25.24699057971898,24.744563374745553,25.065309687972633,219374400
2015-09-09,24.70642852783203,25.574460815088862,24.6211941806021,25.516144558967323,340043200
2015-09-10,25.249229431152344,25.408480828757018,24.65035409552812,24.733343272285687,251571200
2015-09-11,25.617076873779297,25.617076873779297,25.067547404671917,25.074276071527077,199662000
2015-09-14,25.86380958557129,26.218200942508812,25.762876139817724,26.14866908926784,233453600
2015-09-15,26.081377029418945,26.137451542024767,25.664182518730957,26.002873054022455,173364800
2015-09-16,26.110536575317383,26.139694705489024,25.892967195070767,26.074648066252323,148694000
2015-09-17,25.552032470703125,26.128478368766235,25.507173546917443,25.942312294923223,256450400
2015-09-18,25.44661521911621,25.63726994658994,25.092225570992877,25.168486092975602,297141200
2015-09-21,25.841381072998047,25.877269586482125,25.493720082728235,25.495961831377105,200888000
2015-09-22,25.435394287109375,25.610346458431458,25.238010946124064,25.430907368673534,201384800
2015-09-23,25.641752243041992,25.73147180261867,25.412968991816815,25.486986045553678,143026800
2015-09-24,25.794281005859375,25.906430053710938,25.204377630213276,25.401759338378906,200878000
2015-09-25,25.729230880737305,26.173341803252995,25.57446466798422,26.11726728689416,224607600
2015-09-28,25.220075607299805,25.697829881651902,25.220075607299805,25.53633499700937,208436000
2015-09-29,24.46194076538086,25.46006795060603,24.19278383411679,25.307545233220914,293461600
2015-09-30,24.740066528320312,25.018195529189313,24.387918787388998,24.710906697306722,265892000
2015-10-01,24.578580856323242,24.58755298372046,24.069423321895563,24.464188371081597,255716400
2015-10-02,24.758024215698242,24.8993331170644,24.123261879057416,24.226438802014084,232079200
2015-10-05,24.847742080688477,24.980078843346252,24.464192552999453,24.645873457889355,208258800
2015-10-06,24.96661376953125,25.063061993191063,24.621194589709095,24.814091037028717,192787200
2015-10-07,24.847742080688477,25.069796710138203,24.54045479328295,25.063068041254667,187062400
2015-10-08,24.560638427734375,24.715404642141984,24.271293714878546,24.715404642141984,247918400
2015-10-09,25.148296356201172,25.184183152026744,24.55839142763354,24.67278390489033,211064400
2015-10-12,25.03166389465332,25.289607013539783,24.995777093845483,25.28512180516072,121868800
2015-10-13,25.074289321899414,25.222325204716007,24.825318249142455,24.85671985189928,132197200
2015-10-14,24.71988296508789,25.01371280450353,24.574088919353986,24.962125221575796,177849600
2015-10-15,25.089977264404297,25.14380831136145,24.782688353476704,24.881380032279928,150694000
2015-10-16,24.906055450439453,25.121381371126688,24.79166296682932,25.072035526774933,156930400
2015-10-19,25.060819625854492,25.0653048334975,24.697456201477024,24.852222389662305,119036800
2015-10-20,25.51838493347168,25.60810448355111,24.856706460244805,24.973340677467405,195871200
2015-10-21,25.51614761352539,25.924370011535668,25.502688566360003,25.569978668411807,167180800
2015-10-22,25.906423568725586,25.906423568725586,25.592405971095445,25.643995273146963,166616400
2015-10-23,26.709407806396484,26.743052850607732,26.09258827046971,26.175577440098355,237467600
2015-10-26,25.85707664489746,26.496325688647662,25.77632921713342,26.485111813893756,265335200
2015-10-27,25.693340301513672,26.1396929069345,25.56773223968678,25.88399328684352,279537600
2015-10-28,26.75202751159668,26.758757890513674,26.032030980725605,26.227170899119155,342205600
2015-10-29,27.034645080566406,27.070533591812794,26.527730982390814,26.624179217292475,204909200
2015-10-30,26.80361557006836,27.189408469648065,26.792399983652906,27.1378191678985,197461200
2015-11-02,27.180442810058594,27.220816534999198,26.828294874677244,27.095210151298936,128813200
2015-11-03,27.492216110229492,27.69856993697857,27.07277807674856,27.09296579417976,182076000
2015-11-04,27.36435890197754,27.77258123681901,27.279126268991515,27.61781505280359,179544400
2015-11-05,27.238218307495117,27.63692624256414,27.071527737980944,27.447708480518628,158210800
2015-11-06,27.269750595092773,27.438694204532553,27.170638179524726,27.281014189822066,132169200
2015-11-09,27.15937614440918,27.43869578018609,27.042242657981237,27.247226688875976,135485600
2015-11-10,26.303394317626953,26.59623061006111,26.143461231894975,26.332678978020382,236511600
2015-11-11,26.15472984313965,26.44981753636232,25.951997118619467,26.213297456575184,180872000
2015-11-12,26.066875457763672,26.31465909867427,26.051107454758,26.188515074628896,130102400
2015-11-13,25.305503845214844,26.033088543749958,25.289735840903983,25.94974239605907,183249600
2015-11-16,25.719980239868164,25.733495181340814,25.003659125896437,25.089256619529227,152426800
2015-11-17,25.609600067138672,25.915951293932938,25.526253931504694,25.886666634032267,110467600
2015-11-18,26.42052459716797,26.465575532875583,26.017312363827603,26.07587995511393,186698800
2015-11-19,26.756162643432617,26.974663322774134,26.301141938966225,26.49936849124945,173183200
2015-11-20,26.87329864501953,27.012957601569642,26.77193144387025,26.850771454597467,137148400
2015-11-23,26.524150848388672,26.9701628035447,26.43179416913448,26.866542527791964,129930000
2015-11-24,26.7786922454834,26.88456386674009,26.382239079760044,26.42954309208214,171212800
2015-11-25,26.58721923828125,26.857530050130254,26.56244070423051,26.853023924711955,85553200
2015-11-27,26.53766441345215,26.672820690093285,26.490360404061132,26.645789091048368,52185600
2015-11-30,26.648042678833008,26.89807938952724,26.524149995666143,26.578211476237374,156721200
2015-12-01,26.431791305541992,26.762921071156022,26.32366835263742,26.749406131688787,139409600
2015-12-02,26.19301986694336,26.60524273261725,26.14796892014572,26.431792978421072,133546400
2015-12-03,25.949739456176758,26.307900825780568,25.72898742083399,26.253839348351395,166278000
2015-12-04,26.812484741210938,26.862041822901645,25.929472961253648,25.970019508220247,231108000
2015-12-07,26.643529891967773,26.99943813046564,26.537658301654087,26.801211605539475,128336800
2015-12-08,26.63226890563965,26.715613312092575,26.32366465534384,26.472334124352074,137238000
2015-12-09,26.04435157775879,26.51063594497179,25.9227119534532,26.499372348457303,185445600
2015-12-10,26.168241500854492,26.341691256178958,26.019572000588415,26.138958557103884,116850800
2015-12-11,25.494720458984375,25.992540822311103,25.420384848355226,25.947489874490497,187544800
2015-12-14,25.337039947509766,25.382090894484865,24.731094914768907,25.26946180846365,257274800
2015-12-15,24.888774871826172,25.409122416293304,24.85723886532313,25.215400251441203,213292400
2015-12-16,25.080244064331055,25.226662219957333,24.508089819376277,25.01942511402226,224954000
2015-12-17,24.548627853393555,25.285221064990075,24.548627853393555,25.23341094716597,179091200
2015-12-18,23.884122848510742,24.670273359488462,23.834565777468676,24.53286746057647,385813200
2015-12-21,24.176958084106445,24.185968616497497,23.780503251816764,24.1656944889718,190362400
2015-12-22,24.154434204101562,24.264810225644474,23.978731388772907,24.192727680349428,131157600
2015-12-23,24.465288162231445,24.519349637808695,24.147673341225545,24.163441343209882,130629600
2015-12-24,24.334636688232422,24.55313735989471,24.316615624499132,24.55313735989471,54281600
2015-12-28,24.062082290649414,24.25805755503019,23.91791717153612,24.235530358819418,106816800
2015-12-29,24.49457359313965,24.65000228462855,24.071088840671305,24.09361431456941,123724800
2015-12-30,24.17470932006836,24.48556500921053,24.14317331038366,24.45853512581429,100855200
2015-12-31,23.71067237854004,24.109378531524413,23.611558246655083,24.104874124885654,163649200
2016-01-04,23.730945587158203,23.735451712532264,22.97633113383233,23.113738741825244,270597600
2016-01-05,23.136268615722656,23.84357919872016,23.06869218950172,23.82105372331318,223164000
2016-01-06,22.683494567871094,23.059676977036663,22.496531613200904,22.65195856498295,273829600
2016-01-07,21.72614288330078,22.555092753395066,21.721638477513395,22.22846919844809,324377600
2016-01-08,21.841033935546875,22.325339388636742,21.795982984899094,22.199195351956075,283192000
2016-01-11,22.194683074951172,22.314069607807568,21.926625352707706,22.29379720120922,198957600
2016-01-12,22.51680564880371,22.6812448631054,22.26451588888082,22.64970885793796,196616800
2016-01-13,21.93789291381836,22.793874642374632,21.91762050355392,22.597899416901196,249758400
2016-01-14,22.417692184448242,22.63394153867265,21.566216582054608,22.0662899913546,252680400
2016-01-15,21.87933349609375,22.00998369529927,21.480627144444455,21.669843252051827,319335600
2016-01-19,21.773454666137695,22.22171792530289,21.51215437447018,22.167656447868826,212350800
2016-01-20,21.802738189697266,22.118099967207257,21.043617548233343,21.42205133752865,289337600
2016-01-21,21.692359924316406,22.048266485215724,21.386008711417897,21.863554876137204,208646000
2016-01-22,22.84567642211914,22.85468695248026,22.158640238267267,22.21720610774015,263202000
2016-01-25,22.399675369262695,22.870464169969765,22.347865228447493,22.868211106825548,207178000
2016-01-26,22.523563385009766,22.72404301390903,22.09106812167091,22.51004844508774,300308000
2016-01-27,21.04361343383789,21.766691802288033,21.025592371541684,21.633790334665466,533478800
2016-01-28,21.194534301757812,21.291395355775563,20.811596210199053,21.126957901320772,222715200
2016-01-29,21.92662811279297,21.92662811279297,21.25310670655269,21.35222084528705,257666000
2016-02-01,21.721641540527344,21.78471354194209,21.48962594164461,21.730652071955614,163774000
2016-02-02,21.282392501831055,21.63379469450947,21.237339837011106,21.494134011442785,149428800
2016-02-03,21.703622817993164,21.81399883237092,21.192287564028874,21.39952465347622,183857200
2016-02-04,21.878009796142578,22.043341274884668,21.558673279542926,21.710414757132185,185886800
2016-02-05,21.29368782043457,21.950481368356943,21.218950596826904,21.85988885693516,185672400
2016-02-08,21.517911911010742,21.674182274657653,21.07174506774626,21.092127482518418,216085600
2016-02-09,21.51338005065918,21.72853754079699,21.273311297699493,21.35484440774409,177324800
2016-02-10,21.350317001342773,21.82139687869267,21.311815729189632,21.7240101898935,169374400
2016-02-11,21.221221923828125,21.45223299889895,20.969828433379384,21.241606067115114,200298800
2016-02-12,21.286897659301758,21.402403176130246,21.0649477791782,21.332194787425067,161405600
2016-02-16,21.887075424194336,21.93463612193744,21.427320284768577,21.520176391435847,196231600
2016-02-17,22.222267150878906,22.242649566362235,21.77610029204698,21.893869391071842,179452800
2016-02-18,21.80101203918457,22.396655094579923,21.762509043401412,22.38533037913035,156084000
2016-02-19,21.751184463500977,21.91425067774679,21.69682963472199,21.742125037386337,141496800
2016-02-22,21.941429138183594,21.945959715589726,21.724008076232284,21.812335328652846,137123200
2016-02-23,21.4454402923584,21.85536946725895,21.41373315882516,21.832721761579375,127770400
2016-02-24,21.764772415161133,21.82818666911204,21.135156996778832,21.284634933584957,145022800
2016-02-25,21.914247512817383,21.914247512817383,21.57226156999311,21.75344661030085,110330800
2016-02-26,21.94822120666504,22.199612916119857,21.873482243576703,22.01389901650893,115964400
2016-02-29,21.898395538330078,22.2471756430575,21.88933611286731,21.93689680061531,140865200
2016-03-01,22.768085479736328,22.822440318526837,22.063730952746134,22.115822230522703,201628400
2016-03-02,22.81790542602539,22.849612550915705,22.566511987317377,22.76355060162895,132678400
2016-03-03,22.98776626586914,23.03532695424258,22.7499610960932,22.779404661211583,147822800
2016-03-04,23.329750061035156,23.497345098889944,22.958322286379367,23.184802721067463,184220400
2016-03-07,23.07156753540039,23.28898859276928,22.865469465490182,23.189336626842675,143315600
2016-03-08,22.88132095336914,23.046652452021572,22.73863888339616,22.824700837488127,126247600
2016-03-09,22.901708602905273,23.00588942474126,22.709198797083857,22.944738722590504,108806800
2016-03-10,22.913026809692383,23.155360823111348,22.682017509985283,22.96738336201888,134054400
2016-03-11,23.15989112854004,23.16441997722652,22.987765504005953,23.155360551944863,109632800
2016-03-14,23.218778610229492,23.307107589239525,23.051183534795303,23.080627103768308,100304400
2016-03-15,23.68532371520996,23.821211627233023,23.51999224151106,23.544905226971284,160270800
2016-03-16,24.000137329101562,24.07713986478873,23.687593153195106,23.692123730534927,153214000
2016-03-17,23.961637496948242,24.113379016653425,23.771392979183542,23.898221505753956,137682800
2016-03-18,23.988801956176758,24.12016099412914,23.823472242812734,24.083923303145774,176820800
2016-03-21,23.986553192138672,24.380628821166784,23.81216222055035,23.991082042351035,142010800
2016-03-22,24.16998863220215,24.2990823914476,23.828002743429394,23.837062166803783,129777600
2016-03-23,24.03636932373047,24.249261497777155,23.98427978832034,24.1156388628559,102814000
2016-03-24,23.932191848754883,24.06355094153387,23.755537351249522,23.88689644402851,104532000
2016-03-28,23.823476791381836,24.049957219544694,23.7940332298592,24.006925385263017,77645600
2016-03-29,24.387413024902344,24.412326010693874,23.753267123150128,23.75553241128806,124760400
2016-03-30,24.813196182250977,25.00796949675472,24.595775169576513,24.607099882616183,182404400
2016-03-31,24.684104919433594,24.890202967996302,24.659191930532415,24.849436415967897,103553600
2016-04-01,24.910585403442383,24.912850691865195,24.50518517119843,24.636544253180922,103496000
2016-04-04,25.166507720947266,25.4088417284672,24.973997959984032,25.007970372383937,149424800
2016-04-05,24.869821548461914,25.078184908237542,24.781494297389987,24.801878439588343,106314800
2016-04-06,25.130271911621094,25.134802488500018,24.7316658138071,24.96494214162522,105616400
2016-04-07,24.582191467285156,25.00797414695786,24.487070080535233,24.90152804506245,127207600
2016-04-08,24.6093692779541,24.86076101588604,24.4983926009516,24.66598939678476,94326800
2016-04-11,24.69089698791504,25.051001788643912,24.647866878980267,24.679574002577947,117630000
2016-04-12,25.012500762939453,25.02608903663491,24.609365849493436,24.76337089246503,108929200
2016-04-13,25.374876022338867,25.442819137186543,25.094040679568387,25.094040679568387,133029200
2016-04-14,25.388456344604492,25.454135877913863,25.214067170437854,25.27974670374722,101895600
2016-04-15,24.878875732421875,25.43375384145752,24.85169918576304,25.390722005369543,187756000
2016-04-18,24.34212303161621,24.675047889615044,24.21982336365566,24.661459613589077,243286000
2016-04-19,24.21302604675293,24.459888910995492,24.059019269678462,24.4327106346028,129539600
2016-04-20,24.262855529785156,24.480276604110284,24.020521462035465,24.151880567745156,122444000
2016-04-21,24.000137329101562,24.217558387870543,23.898220073863335,24.217558387870543,126210000
2016-04-22,23.934446334838867,24.115631327786552,23.694377687905114,23.782704896792367,134732400
2016-04-25,23.798566818237305,23.9276606095132,23.669473026961406,23.78044796699292,112126400
2016-04-26,23.633235931396484,23.848393407654267,23.533585702810786,23.533585702810786,224064800
2016-04-27,22.15432357788086,22.355891094992916,21.6696554212396,21.742129115842708,458408400
2016-04-28,21.477149963378906,22.167914571718963,21.345790835844685,22.106765586368557,328970800
2016-04-29,21.23027229309082,21.452223846216306,20.951702367657898,21.28689239330659,274126000
2016-05-02,21.20762825012207,21.307280196590593,20.926792988511885,21.282367209973465,192640400
2016-05-03,21.55640983581543,21.683238338036464,21.21668915237302,21.334458229019873,227325200
2016-05-04,21.332191467285156,21.71947278094204,21.248393089230976,21.560935449048333,164102000
2016-05-05,21.245609283447266,21.434732996565515,21.118008579863485,21.41878290861754,143562000
2016-05-06,21.127120971679688,21.293457337528263,20.928882694816636,21.27522990921445,174799600
2016-05-09,21.143075942993164,21.366377202684173,21.097503015606634,21.190926212926954,131745600
2016-05-10,21.2866153717041,21.320794614362388,20.98812024524063,21.266108869166228,134747200
2016-05-11,21.079269409179688,21.320799769083546,21.067875746062786,21.30029326158782,114876400
2016-05-12,20.584819793701172,21.140797351688654,20.386583204873755,21.127126342370754,305258800
2016-05-13,20.625829696655273,20.887868323514734,20.50734358750293,20.50734358750293,177571200
2016-05-16,21.39142608642578,21.507634792436328,20.883300924790664,21.051916285570968,245039200
2016-05-17,21.30257797241211,21.578287678610693,21.193206417743497,21.5441101542952,187667600
2016-05-18,21.5463809967041,21.694489931630287,21.39371563938697,21.455238641453214,168249600
2016-05-19,21.464353561401367,21.56461224798511,21.32080277341668,21.56461224798511,121768400
2016-05-20,21.696767807006836,21.744618062384657,21.53726521731853,21.564608965432527,128104000
2016-05-23,21.97247886657715,22.145652472550694,21.7993052606036,21.844878177138224,152074400
2016-05-24,22.30743408203125,22.350726182938512,22.06590195241827,22.152489631091072,140560800
2016-05-25,22.699357986450195,22.726700006592417,22.35528974608091,22.482890475890102,152675200
2016-05-26,22.879364013671875,22.952278954764644,22.4760518876046,22.713025880763425,225324800
2016-05-27,22.86568832397461,22.893032075275944,22.615043354880893,22.658337193167394,145364800
2016-05-31,22.7540340423584,22.877078295710227,22.51706011795067,22.694790126649263,169228800
2016-06-01,22.43503761291504,22.681126196370553,22.405416515036443,22.56263832799744,116693200
2016-06-02,22.266422271728516,22.293764288884326,22.018054605843872,22.23907851614333,160766400
2016-06-03,22.311983108520508,22.391733518943557,22.204888955197312,22.282362024200108,114019600
2016-06-06,22.47376823425293,23.216590240671206,22.227681444651946,22.327938381737916,93170000
2016-06-07,22.564910888671875,22.756313644418277,22.54896080389541,22.615040223234715,89638000
2016-06-08,22.544410705566406,22.68568242794784,22.485166771880678,22.562638137260258,83392400
2016-06-09,22.7061824798584,22.78365381726348,22.43502932208318,22.444143903853554,106405600
2016-06-10,22.51934051513672,22.63782661505563,22.439590088419287,22.45098201313382,126851600
2016-06-13,22.179828643798828,22.585419753465544,22.12514288569783,22.487440161885598,152082000
2016-06-14,22.207170486450195,22.43958798068611,22.04539056789672,22.17527031875958,127727600
2016-06-15,22.134262084960938,22.423644497893772,22.109197411764256,22.289206547254377,117780800
2016-06-16,22.227680206298828,22.273251380760037,21.89044760462772,21.977033531475566,125307200
2016-06-17,21.72183609008789,22.022610415685328,21.715000586528955,22.015774912126393,244032800
2016-06-20,21.6694278717041,22.004381456714007,21.653477783771688,21.87450167257029,137647600
2016-06-21,21.85399055480957,21.95424748420919,21.573722796302224,21.632966712603476,142185600
2016-06-22,21.771963119506836,22.077293835540676,21.7263902032435,21.931463980356007,116876400
2016-06-23,21.897287368774414,21.940581209838957,21.703607231975436,21.860830769795754,128960800
2016-06-24,21.282068252563477,21.569171582580047,21.11117370300611,21.170417633612853,301245600
2016-06-27,20.972177505493164,21.202315965632827,20.849133231906485,21.190922301282,181958400
2016-06-28,21.325355529785156,21.341307353025577,20.994960170790478,21.168133761908027,161779600
2016-06-29,21.509925842285156,21.544105097006888,21.334473145980517,21.41194623924505,146124000
2016-06-30,21.783357620239258,21.822093299821137,21.48714145243588,21.51904162837733,143345600
2016-07-01,21.84943199157715,21.981590826109247,21.721831317368945,21.758287907816086,104106000
2016-07-05,21.64436149597168,21.737784673958213,21.52359630564104,21.735505593453183,110820800
2016-07-06,21.767404556274414,21.797027385905224,21.503088600549212,21.555495280247005,123796400
2016-07-07,21.8608341217041,21.988434845338166,21.787919174137567,21.806146607207094,100558400
2016-07-08,22.029438018798828,22.077288264979963,21.88588728025542,21.986144193879845,115648400
2016-07-11,22.097808837890625,22.250474242578218,22.04084397896873,22.04540040277349,95179600
2016-07-12,22.198060989379883,22.261861339375837,22.12970421656814,22.141096142822185,96670000
2016-07-13,22.07274055480957,22.2550270305213,22.065903312575156,22.195784838590345,103568800
2016-07-14,22.51022720336914,22.555798381658345,22.175273653813534,22.19122374005766,155676000
2016-07-15,22.507944107055664,22.62643193095341,22.444143773462432,22.539844273852278,120548000
2016-07-18,22.747203826904297,22.81556060236729,22.46693600606127,22.48972159788227,145975600
2016-07-19,22.756317138671875,22.78593823253969,22.63555020575895,22.685679548019195,95119600
2016-07-20,22.77682876586914,22.890758482628247,22.72669941234641,22.785943351821413,105104000
2016-07-21,22.65606117248535,23.01380037612155,22.587702654214247,22.747205284037047,130808000
2016-07-22,22.480609893798828,22.626439774975708,22.40085771073049,22.617325190098487,113254800
2016-07-25,22.179828643798828,22.521617674180654,22.084128132514852,22.387181490009677,161531600
2016-07-26,22.02716636657715,22.32338426293091,21.970201520234436,22.061345622068604,224959200
2016-07-27,23.45812225341797,23.777125730081984,23.41255107322129,23.758896562631676,369379200
2016-07-28,23.77484130859375,23.799905973599945,23.428495896988863,23.430774977015435,159479200
2016-07-29,23.745227813720703,23.822700913535343,23.62446261013216,23.74067139063949,110934800
2016-08-01,24.16448974609375,24.18727533810684,23.79080047410553,23.79080047410553,152671600
2016-08-02,23.80674934387207,24.169044932095982,23.697376074006293,24.164488509298266,135266400
2016-08-03,24.105243682861328,24.116635608645094,23.872826144980184,23.88194072866465,120810400
2016-08-04,24.254150390625,24.283931942084056,24.118984200180545,24.187713008589075,109634800
2016-08-05,24.62299346923828,24.661938981640454,24.325170938035715,24.345788533596977,162213600
2016-08-08,24.826889038085938,24.826889038085938,24.549685824604097,24.63215796233773,112148800
2016-08-09,24.927690505981445,24.957473812255955,24.744416553749847,24.794817458663687,105260800
2016-08-10,24.742130279541016,24.948315048106586,24.687148257205855,24.904786667007475,96034000
2016-08-11,24.726089477539062,24.95518323652753,24.707761557336784,24.861253956375855,109938000
2016-08-12,24.783357620239258,24.84292247424229,24.69171978666066,24.69171978666066,74641600
2016-08-15,25.081186294555664,25.094931361217768,24.760454672281675,24.77419973894378,103472800
2016-08-16,25.05827522277832,25.253006320033588,25.019329702465953,25.115548663654174,135177600
2016-08-17,25.0216121673584,25.05597656914475,24.82000860906305,24.9941202963601,101424000
2016-08-18,24.989543914794922,25.10867188261051,24.975797102774592,25.023908323076128,87938800
2016-08-19,25.053691864013672,25.12929321865578,24.8245981211078,24.918525646819003,101472400
2016-08-22,24.85896873474121,24.99413323781459,24.70776598772999,24.9391512151955,103280800
2016-08-23,24.936857223510742,25.044531578125785,24.86354728494151,24.877292352221115,85030800
2016-08-24,24.748994827270508,24.913942588893782,24.66881237310542,24.872705648487965,94700400
2016-08-25,24.64360809326172,24.714626577648865,24.439714849569597,24.602371159265214,100344800
2016-08-26,24.499290466308594,24.73067393580035,24.354960259960663,24.606964827283427,111065200
2016-08-29,24.471792221069336,24.613830963198097,24.35037282356486,24.42597417410984,99881200
2016-08-30,24.283935546875,24.398482412662144,24.169388681087852,24.238117499698724,99455600
2016-08-31,24.306846618652344,24.414520961220756,24.201463702989773,24.206046556801446,118649600
2016-09-01,24.4511775970459,24.46721409021607,24.196883385456967,24.316011370743013,106806000
2016-09-02,24.680267333984375,24.74212186960598,24.47179120889458,24.673393054162965,107210000
2016-09-06,24.67339324951172,24.810850881486054,24.629866630709817,24.719213042785295,107521600
2016-09-07,24.824596405029297,24.9162342454262,24.52906528736866,24.703177009338134,169457200
2016-09-08,24.17397117614746,24.574885229446362,24.109825207275087,24.570304123604007,212008000
2016-09-09,23.626436233520508,24.219789915352393,23.626436233520508,23.972368262360416,186228000
2016-09-12,24.155641555786133,24.21978751549921,23.488978014811718,23.516469889480028,181171200
2016-09-13,24.73065948486328,24.923099064929445,24.568003198721126,24.62985946468185,248704800
2016-09-14,25.605804443359375,25.89446302139946,24.87957776681186,24.909361069182438,443554800
2016-09-15,26.476364135742188,26.51301997404146,25.99984872493112,26.08461404011325,359934400
2016-09-16,26.32745361328125,26.604656844016898,26.125851740340764,26.37327341248133,319547600
2016-09-19,26.02047348022461,26.616116993641025,25.94487210890084,26.38931462751665,188092000
2016-09-20,26.018178939819336,26.144181210282788,25.775340107122563,25.899050950528483,138057200
2016-09-21,26.01358985900879,26.11438989663228,25.75929571682569,26.08231691904578,144012800
2016-09-22,26.25872802734375,26.332037962380134,26.116689263527814,26.196871731872807,124296000
2016-09-23,25.82115936279297,26.297674837824704,25.555411490694333,26.21290951121863,209924800
2016-09-26,25.860097885131836,25.976936169021382,25.555404572955588,25.576022168311567,119477600
2016-09-27,25.9082088470459,25.928828191435294,25.73638855113548,25.887591250502936,98429600
2016-09-28,26.10523223876953,26.26330748633983,25.98610425724975,26.045669121932946,118564400
2016-09-29,25.69974136352539,26.070873931559785,25.612686352782614,25.92425404617884,143548000
2016-09-30,25.899049758911133,25.972359690758676,25.61268256453063,25.76388353428328,145516400
2016-10-03,25.777624130249023,25.899045267802105,25.722642127859363,25.821152495557605,86807200
2016-10-04,25.88759422302246,26.187706481695248,25.802828904748836,25.9013392889627,118947200
2016-10-05,25.899049758911133,26.03879708959655,25.816575867101815,25.979232223768342,85812400
2016-10-06,26.091480255126953,26.194571716649918,25.917368561057405,26.04795189464803,115117200
2016-10-07,26.130435943603516,26.244982833411136,26.004435413523233,26.187709388507326,97433600
2016-10-10,26.586332321166992,26.746697258697147,26.281637192012965,26.35036427330586,144944000
2016-10-11,26.643604278564453,27.19113821057531,26.620693504896412,26.96433413575745,256164000
2016-10-12,26.881858825683594,27.028480428464434,26.74669435697869,26.88415025249878,150347200
2016-10-13,26.799386978149414,26.904769890789296,26.510728370924866,26.75585860742008,140769600
2016-10-14,26.94829750061035,27.072008336808725,26.83375062426148,27.005570938784786,142608800
2016-10-17,26.929975509643555,26.996411170135023,26.753572313885545,26.87957459656984,94499600
2016-10-18,26.911638259887695,27.081167115049958,26.9070554069165,27.07429458343945,98214000
2016-10-19,26.83146095275879,26.978080814699002,26.070869763501435,26.861242511393115,80138400
2016-10-20,26.81771469116211,26.89102462364147,26.650477226996685,26.771896638805003,96503200
2016-10-21,26.712324142456055,26.783344375524273,26.639014230916658,26.760433608043204,92770800
2016-10-24,26.95287322998047,26.97349082330702,26.803961980519464,26.82687100016435,94154800
2016-10-25,27.09033966064453,27.11554011643567,26.8749909467373,27.021610827060186,192516000
2016-10-26,26.480945587158203,26.50614603935615,25.95861211950365,26.187705868323828,264536800
2016-10-27,26.226648330688477,26.542797016934276,26.139591603459056,26.435122695053426,138248000
2016-10-28,26.05254554748535,26.39389479823127,25.990689246651762,26.08690996485436,151446800
2016-10-31,26.011306762695312,26.16938202274203,25.93341397229303,26.0365072171331,105677600
2016-11-01,25.541656494140625,26.063989858062815,25.32172674869161,25.99297136934333,175303200
2016-11-02,25.564573287963867,25.738685044826394,25.482101137709808,25.52104665963332,113326800
2016-11-03,25.290552139282227,25.665891571470034,25.22607682644707,25.55536296570134,107730400
2016-11-04,25.062583923339844,25.387265440271594,24.894487820797455,24.99120079131394,123348000
2016-11-07,25.424108505249023,25.447135151133345,25.2053509772968,25.348118992692342,130240000
2016-11-08,25.57378387451172,25.72576290730673,25.26061655555887,25.40108138641951,97016800
2016-11-09,25.53232765197754,25.633646977193415,24.88066512492281,25.302057735992395,236705600
2016-11-10,24.820798873901367,25.580688677849547,24.369469969035215,25.580688677849547,228538000
2016-11-11,24.968172073364258,25.069491418921867,24.535265176853336,24.666518985043695,136575600
2016-11-14,24.34183692932129,24.82540348737254,23.96649753208758,24.802376843050165,204702000
2016-11-15,24.66421890258789,24.7954727273236,24.445463113635245,24.539872896498174,129058000
2016-11-16,25.3273983001709,25.382664368337608,24.546783094729165,24.56980974472157,235362000
2016-11-17,25.318185806274414,25.410294157671302,25.060284530547943,25.285948146808604,110528000
2016-11-18,25.343515396118164,25.454045768065143,25.25140880245312,25.265224440138745,113715600
2016-11-21,25.728057861328125,25.787926773120184,25.331993334359158,25.357323165048104,117058400
2016-11-22,25.744184494018555,25.886950757404758,25.65207615055681,25.778723585598748,103862000
2016-11-23,25.612932205200195,25.677407522427835,25.405688859239472,25.642866671964274,109705600
2016-11-25,25.741884231567383,25.760306253720145,25.548456512604833,25.589905184038184,45903600
2016-11-28,25.69122314453125,25.89846649036812,25.649774475363877,25.658985485936697,108776000
2016-11-29,25.6658878326416,25.797141630884603,25.345812749964455,25.509304199928877,114115200
2016-11-30,25.44943618774414,25.836289805737298,25.39186869552385,25.69812817577269,144649200
2016-12-01,25.212261199951172,25.546153745989834,25.106337213324622,25.414899919428603,148347600
2016-12-02,25.30667495727539,25.350425065413624,25.064890739203975,25.138577073607134,106112000
2016-12-05,25.124759674072266,25.336607651031624,24.92672733483875,25.329699832168703,137298000
2016-12-06,25.318185806274414,25.41259734958191,25.143181871123073,25.214565008965838,104782000
2016-12-07,25.566877365112305,25.603721407732273,25.136273597120493,25.159300245347648,119994800
2016-12-08,25.8178768157959,25.889259964073737,25.467865380685794,25.52773608136901,108273200
2016-12-09,26.2392578125,26.411960259945555,25.861615267964666,25.861615267964666,137610400
2016-12-12,26.08959197998047,26.481050281412198,25.903072083360275,26.087288788046205,105497600
2016-12-13,26.524803161621094,26.692899286036468,26.193213783194057,26.213937240935365,174935200
2016-12-14,26.524803161621094,26.757374608103778,26.47644667007061,26.490262308564816,136127200
2016-12-15,26.66986846923828,26.8794149900372,26.534010027083767,26.568549117922718,186098000
2016-12-16,26.70440101623535,26.82644378411912,26.63071471731572,26.819535968098524,177404400
2016-12-19,26.858688354492188,27.02908763527047,26.653748227886037,26.66526242876879,111117600
2016-12-20,26.930068969726562,27.056718140345637,26.867896858490077,26.881712492804798,85700000
2016-12-21,26.95540428161621,27.03369699122384,26.890928965951453,26.895535349539273,95132800
2016-12-22,26.778099060058594,26.828758742188974,26.62842320562449,26.79191469815935,104343600
2016-12-23,26.831052780151367,26.831052780151367,26.616901664526413,26.616901664526413,56998000
2016-12-27,27.00145149230957,27.12579746076243,26.824142668900457,26.831050485455602,73187600
2016-12-28,26.886320114135742,27.17645898903331,26.757367746249844,27.06132401291895,83623600
2016-12-29,26.87942123413086,26.966923212617075,26.80343170299181,26.81494415033897,60158000
2016-12-30,26.66986846923828,26.987640402700062,26.580063319416027,26.8609929703761,122345200
2017-01-03,26.7458553314209,26.787303993139343,26.425780238025247,26.665261199418453,115127600
2017-01-04,26.71592140197754,26.828754953267687,26.653749282483766,26.67677592833996,84472400
2017-01-05,26.851778030395508,26.909345515795238,26.66756137438828,26.69289120850978,88774400
2017-01-06,27.151134490966797,27.20870198661537,26.81954515384844,26.8909282862701,127007600
2017-01-09,27.399826049804688,27.50114540918331,27.158043610588383,27.160345045613802,134247600
2017-01-10,27.42745018005371,27.48962228515436,27.24093210793169,27.349157494083194,97848400
2017-01-11,27.5748233795166,27.61627203608012,27.310012615739687,27.3422502645313,110354400
2017-01-12,27.459697723388672,27.47121192621061,27.220216710621976,27.37910357409716,108344800
2017-01-13,27.41133689880371,27.54489390040559,27.358374033747648,27.427455726112875,104447600
2017-01-17,27.632396697998047,27.687660999484315,27.222516428069017,27.250147700401918,137759200
2017-01-18,27.63008689880371,27.747525048595346,27.565611603018517,27.632390089887483,94852000
2017-01-19,27.58173179626465,27.653114912024936,27.487322038983635,27.49422985575784,102389200
2017-01-20,27.632396697998047,27.736017482887355,27.570224578428558,27.736017482887355,130391600
2017-01-23,27.650815963745117,27.81891204309813,27.579431084746446,27.632393946144152,88200800
2017-01-24,27.625486373901367,27.65542083515336,27.51725921556063,27.52877341586849,92844000
2017-01-25,28.0653018951416,28.115961567076894,27.69687031309449,27.72910796672234,129510400
2017-01-26,28.07912254333496,28.194257535877,28.00082983485968,28.016948663542745,105350400
2017-01-27,28.081418991088867,28.173527320128414,28.000824861986857,28.12517084266721,82251600
2017-01-30,28.007732391357422,28.007732391357422,27.784372023519055,27.8465441348101,121510000
2017-01-31,27.943256378173828,27.952467386430914,27.775160308737572,27.8972030937086,196804000
2017-02-01,29.647254943847656,30.047925906640124,29.246585737875417,29.251190363700744,447940000
2017-02-02,29.596599578857422,29.794631897723733,29.423897097763813,29.469952146814403,134841600
2017-02-03,29.723243713378906,29.74857354684435,29.51139579423172,29.545934879120793,98029200
2017-02-06,30.001873016357422,30.050231256335138,29.68179789677811,29.734762520001542,107383600
2017-02-07,30.287412643432617,30.4163632805029,30.0387206232365,30.05944407984251,152735200
2017-02-08,30.40485191345215,30.446302344171244,30.216032324029964,30.245968551013664,92016400
2017-02-09,30.62455940246582,30.63149717177017,30.323909793400347,30.446481756277915,113399600
2017-02-10,30.555164337158203,30.744806022559064,30.538977392406924,30.633798235107353,80262000
2017-02-13,30.825748443603516,30.948323882365393,30.700865121238635,30.777184079468178,92141600
2017-02-14,31.225849151611328,31.24203609878774,30.816503242407816,30.867382554461336,132904800
2017-02-15,31.33916473388672,31.514930892914073,31.133336096768414,31.34147967526806,142492400
2017-02-16,31.302162170410156,31.42935689749489,31.184213092669612,31.37616618277543,90338400
2017-02-17,31.387727737426758,31.413167386539723,31.244342549084696,31.244342549084696,88792800
2017-02-21,31.614383697509766,31.625947821135288,31.447870198152465,31.505687287405,98028800
2017-02-22,31.709197998046875,31.71150941074283,31.477929688974655,31.551933712863104,83347600
2017-02-23,31.575069427490234,31.794773667326492,31.52187869190097,31.771648948271466,83152800
2017-02-24,31.60512351989746,31.60512351989746,31.28597216902242,31.43167231248691,87106400
2017-02-27,31.667573928833008,31.785523047515852,31.517250910712743,31.716141835739183,81029600
2017-02-28,31.681453704833984,31.78552376039554,31.61438390469147,31.702267010171276,93931600
2017-03-01,32.32900619506836,32.412262955360646,31.82253139290543,31.889597672282996,145658400
2017-03-02,32.13705062866211,32.44232300766749,32.09079413677125,32.37756815367014,104844000
2017-03-03,32.326683044433594,32.33824716533462,32.05147319981067,32.095414741910034,84432400
2017-03-06,32.22492980957031,32.324377031281756,32.053793495595706,32.23186757749497,87000000
2017-03-07,32.266563415527344,32.37294488772751,32.09773496754085,32.160178414451956,69785200
2017-03-08,32.146297454833984,32.331312822219466,32.10467084983143,32.1347333327084,74828800
2017-03-09,32.07229232788086,32.097731986936,31.69532732590461,32.086171392808566,88623600
2017-03-10,32.178672790527344,32.229552101477296,32.06303863452733,32.20411244600232,78451200
2017-03-13,32.19255447387695,32.24574520771233,32.10467489816524,32.11161266654051,69686800
2017-03-14,32.143978118896484,32.29661249515814,32.109285761070936,32.215670717979364,61236400
2017-03-15,32.48394775390625,32.551014009818594,32.15323224191797,32.24111532727662,102767200
2017-03-16,32.53713607788086,32.61345503656059,32.43768887879854,32.54407384422683,76928000
2017-03-17,32.37525177001953,32.60883149115717,32.352123527625004,32.60883149115717,175540000
2017-03-20,32.715206146240234,32.72445532295593,32.430743675789074,32.47005885235893,86168000
2017-03-21,32.340553283691406,33.02510889980142,32.315113633423415,32.865533232563436,158119600
2017-03-22,32.70596694946289,32.747597084061425,32.322060673038834,32.342877504775444,103440800
2017-03-23,32.59032440185547,32.742962308001125,32.51863180229808,32.66895476724913,81385200
2017-03-24,32.525577545166016,32.77997411780058,32.4585112826758,32.72446844862359,89582400
2017-03-27,32.581077575683594,32.65970794675348,32.05840898579476,32.23648655581988,94300400
2017-03-28,33.25638961791992,33.31189176374392,32.520954425876965,32.58802422391429,133499200
2017-03-29,33.33040237426758,33.415974086256085,33.11532444518698,33.228643708471026,116760000
2017-03-30,33.28644561767578,33.418270246070115,33.18700193986894,33.34657763576764,84829200
2017-03-31,33.22401428222656,33.365088126538545,33.07368772711122,33.23788981955639,78646800
2017-04-03,33.23324966430664,33.33038191415727,33.082926700486944,33.23556460548382,79942800
2017-04-04,33.480716705322266,33.50846777533685,33.11068597037959,33.129187860014184,79565600
2017-04-05,33.3072624206543,33.640289345938676,33.25869452368603,33.35351537608284,110871600
2017-04-06,33.22401428222656,33.42290521799632,33.17544637269694,33.36971095306502,84596000
2017-04-07,33.14999008178711,33.344254564703455,33.13380313931413,33.24018455806066,66688800
2017-04-10,33.11069107055664,33.27489316080977,33.04824762453078,33.21013830155154,75733600
2017-04-11,32.754547119140625,33.15232907978601,32.39145400959036,33.05750818162468,121517600
2017-04-12,32.793846130371094,32.87478791924265,32.61114219450171,32.74759317546245,81400000
2017-04-13,32.62040710449219,32.92799448655558,32.62040710449219,32.81929806098147,71291600
2017-04-17,32.800785064697266,32.81234918605461,32.57876593280913,32.71983974407023,66328400
2017-04-18,32.65508270263672,32.849347224425514,32.63426940291809,32.70365059752099,58790000
2017-04-19,32.53483200073242,32.840107937390805,32.481641264693536,32.81235686274012,69313600
2017-04-20,32.94186019897461,33.052868004939796,32.645837030484415,32.65971256512075,93278400
2017-04-21,32.902557373046875,32.99737473832014,32.80542506521456,32.941872578916445,69283600
2017-04-24,33.219383239746094,33.29107585841825,33.11299825376905,33.18700581425303,68537200
2017-04-25,33.425209045410156,33.51077719210791,33.27257111167275,33.28182382037621,75486000
2017-04-26,33.2286376953125,33.44140770104317,33.15926000743867,33.411341683714326,80164800
2017-04-27,33.254066467285156,33.33963813576577,33.14305867416402,33.284132474768136,56985200
2017-04-28,33.22168731689453,33.37201381760551,33.13380776931816,33.323445925653,83441600
2017-05-01,33.89930725097656,34.042692465256124,33.52465374069815,33.55703116098302,134411600
2017-05-02,34.11438751220703,34.24852355694448,33.95943816627095,34.12132527927324,181408800
2017-05-03,34.010311126708984,34.109758317545925,33.36507420791331,33.67034648844741,182788000
2017-05-04,33.88775634765625,34.02883020439361,33.72124282728181,33.88544493418944,93487600
2017-05-05,34.449729919433594,34.45435274496605,33.94093680090705,33.94093680090705,109310800
2017-05-08,35.38636016845703,35.54593585491734,34.46591335230264,34.46591335230264,195009600
2017-05-09,35.61301040649414,35.81883907325609,35.488123535633214,35.58525580803918,156521600
2017-05-10,35.44417953491211,35.60144381901725,35.178222392852916,35.529751208316476,103222800
2017-05-11,35.750709533691406,35.778578687167325,35.36986417495805,35.402375234480175,109020400
2017-05-12,36.25,36.32430949339063,35.91791937475135,35.9248857790242,130108000
2017-05-15,36.1571159362793,36.37772705040875,36.00617242225423,36.229104490458674,104038800
2017-05-16,36.103694915771484,36.24070557774728,35.92952773898997,36.21283996336312,80194000
2017-05-17,34.89148712158203,35.89469164682741,34.766088327646294,35.669435173615554,203070800
2017-05-18,35.42327880859375,35.60905783309512,35.09584721998728,35.128358283517,134272800
2017-05-19,35.54404067993164,35.757685347800766,35.44418652206005,35.61835371750733,107843200
2017-05-22,35.75999450683594,35.89700512472931,35.509193427751605,35.762315459474436,91865600
2017-05-23,35.715877532958984,35.97132055973454,35.60208705287404,35.97132055973454,79675600
2017-05-24,35.60905456542969,35.80179997561155,35.45346566542646,35.725166002158055,76712000
2017-05-25,35.732139587402344,35.84360914034475,35.537073184913964,35.69962852032095,76942400
2017-05-26,35.6717643737793,35.8180659533947,35.602096786179544,35.762331174626766,87710400
2017-05-30,35.685691833496094,35.862179957978796,35.606736899657,35.62763610977203,80507600
2017-05-31,35.474369049072266,35.801804189612106,35.38612675631136,35.75536031814212,97804800
2017-06-01,35.571895599365234,35.6067311540426,35.34896364056432,35.56957464642925,65616400
2017-06-02,36.09904098510742,36.09904098510742,35.50455106163563,35.66478539358253,111082800
2017-06-05,35.74606704711914,35.86682393968477,35.636925550951005,35.841279280554346,101326800
2017-06-06,35.8668327331543,36.1826560764517,35.71124378701055,35.73910940618827,106499600
2017-06-07,36.080467224121094,36.22212332066588,35.87378900556623,35.99919134332844,84278400
2017-06-08,35.99222183227539,36.11994156869703,35.855207653820855,36.05259849937361,85003200
2017-06-09,34.59656524658203,36.03867095620318,33.909187474788965,36.03867095620318,259530800
2017-06-12,33.76985549926758,33.925444425377805,33.09408597369239,33.84416853209419,289229200
2017-06-13,34.04155349731445,34.241265329747584,33.707151959897104,34.173922248975565,136661600
2017-06-14,33.7094841003418,34.25288495014194,33.402948107054954,34.25288495014194,126124800
2017-06-15,33.50743865966797,33.551561574955535,33.024418175046314,33.28218572022731,128661600
2017-06-16,33.03834915161133,33.55620516651621,33.02209184964148,33.38900441439125,201444400
2017-06-19,33.983497619628906,34.076388903736074,33.36114196159167,33.36114196159167,130165600
2017-06-20,33.67464828491211,34.10658310827601,33.65839452120365,34.10658310827601,99600400
2017-06-21,33.874359130859375,33.9208065536216,33.58175950203796,33.79308322790719,85063200
2017-06-22,33.8186149597168,34.067091567953106,33.70017903778404,33.85112601715256,76425200
2017-06-23,33.969573974609375,34.173931311321,33.69787353926749,33.70251899058579,141757600
2017-06-26,33.86274719238281,34.43401357939867,33.760568542753184,34.17624600181138,102769600
2017-06-27,33.37738037109375,33.94168358926596,33.35183572264252,33.67462525665066,99047600
2017-06-28,33.86506652832031,33.93008865798964,33.24503179961903,33.55388868726849,88329600
2017-06-29,33.36579132080078,33.70251742867017,33.040680612409396,33.60498421615276,125997600
2017-06-30,33.44474792480469,33.66303804957136,33.38901314504274,33.54460208550732,92096400
2017-07-03,33.323978424072266,33.74198025584956,33.23109070298372,33.64444708567476,57111200
2017-07-05,33.46099853515625,33.623553864846315,33.14285427965996,33.36811078774491,86278400
2017-07-06,33.145172119140625,33.323984736720405,33.07086263688104,33.21251874161098,96515200
2017-07-07,33.48189926147461,33.61426802813637,33.18465420418292,33.18465420418292,76806800
2017-07-10,33.68626403808594,33.8929423431874,33.29380664511497,33.4656529214965,84362400
2017-07-11,33.79540252685547,33.86971556488356,33.52834757625345,33.609623475225916,79127200
2017-07-12,33.844173431396484,33.946348551163354,33.630528746253304,33.87436000484174,99538000
2017-07-13,34.31557846069336,34.482779229905475,33.77449868580418,33.788431492665154,100797600
2017-07-14,34.610504150390625,34.67785078484999,34.21340492186684,34.36202745628382,80528400
2017-07-17,34.731258392333984,35.042436246143644,34.50135997566348,34.5594157040656,95174000
2017-07-18,34.85200500488281,34.863616855821384,34.52456994298791,34.64764776737007,71475200
2017-07-19,35.07029724121094,35.16318496765457,34.82181708064278,34.94489491272844,83692000
2017-07-20,34.912391662597656,35.23750586474434,34.877559643250706,35.1817710903488,68974800
2017-07-21,34.89613342285156,34.93561088752508,34.573343759048086,34.83111129945517,105010400
2017-07-24,35.31877899169922,35.40005842173057,34.81021028841995,34.968123698453404,85972800
2017-07-25,35.469722747802734,35.725165780959614,35.25143268115461,35.25143268115461,75415600
2017-07-26,35.636932373046875,35.74607389010833,35.54404107504466,35.61138770902635,63124000
2017-07-27,34.96347427368164,35.76000054974113,34.20642900322231,35.704265786046555,129905200
2017-07-28,34.71732711791992,34.8868488601785,34.64533857847206,34.80789391648992,68854800
2017-07-31,34.538509368896484,34.9100674095341,34.39917776123744,34.81020972444371,79383600
2017-08-01,34.84505844116211,34.884535922077234,34.46421290025227,34.624447321487516,141474400
2017-08-02,36.49150466918945,37.09760655177292,36.26392722992396,36.988461510367614,279747200
2017-08-03,36.126914978027344,36.50776035775641,35.999191685920664,36.47060384669994,108389200
2017-08-04,36.31733703613281,36.55188087558903,36.1547817244582,36.24302755512729,82239600
2017-08-07,36.87931823730469,36.90486289808057,36.38236137229772,36.472928161695805,87481200
2017-08-08,37.17422866821289,37.58061859465748,36.75390593981186,36.830539894011224,144823600
2017-08-09,37.40182113647461,37.450589506452154,36.94898717285623,36.983819191811335,104526000
2017-08-10,36.210506439208984,37.30157582454633,36.049642824288746,37.2782609167138,163217200
2017-08-11,36.71407699584961,36.96819669849492,36.38535954469906,36.508920736715325,105028400
2017-08-14,37.2666015625,37.350530238108185,37.010151843320834,37.143040395265025,88490800
2017-08-15,37.67459487915039,37.814473661034796,37.334216417589246,37.45544754110693,117862000
2017-08-16,37.52305221557617,37.88674200095783,37.33654362997252,37.75385699046317,110686400
2017-08-17,36.80266571044922,37.46710142244014,36.798002017624476,37.422805233993365,111762400
2017-08-18,36.71873474121094,37.185004388718376,36.53688986327145,36.80266342005648,109712400
2017-08-21,36.651126861572266,36.809656832697826,36.16154231336909,36.718734394586384,105474000
2017-08-22,37.25028610229492,37.301576053957554,36.83997004634937,36.88892637280111,86418400
2017-08-23,37.29690933227539,37.411146680312214,37.040463152141896,37.084759339285874,77596400
2017-08-24,37.13138961791992,37.47409814181354,36.96353223652894,37.40182334806708,79275600
2017-08-25,37.26893615722656,37.4321298359122,37.13138745357405,37.21997627494317,101920400
2017-08-28,37.64427947998047,37.767840649368395,37.28524986687383,37.334209744062925,103864000
2017-08-29,37.9799919128418,38.028948229742845,37.30156877694594,37.32488368037345,118067600
2017-08-30,38.082576751708984,38.20846799747685,37.91005569301831,38.18748671607475,109078400
2017-08-31,38.23411560058594,38.355346719281485,38.11288448189038,38.15018691185141,107140400
2017-09-01,38.24578094482422,38.45327086292426,38.14786471399281,38.420632119313794,66364400
2017-09-05,37.7864875793457,38.29238965197478,37.432121698835864,38.175822255773944,117874000
2017-09-06,37.746856689453125,37.99864270278832,37.42279945659071,37.933365242740834,86606800
2017-09-07,37.595314025878906,37.82378867572925,37.38549414300479,37.788816323680564,87714000
2017-09-08,36.982177734375,37.56967492105878,36.958862829370304,37.502067388313236,114446000
2017-09-11,37.651283264160156,37.7795081601223,37.275935963628775,37.41814838326752,126323200
2017-09-12,37.5020751953125,38.224794712649675,37.01482417253426,37.91006121634185,286856000
2017-09-13,37.219974517822266,37.29224930394388,36.81432218671921,37.27126446546717,179629600
2017-09-14,36.900577545166016,37.16168739474096,36.85628136196564,37.066104825964,95042800
2017-09-15,37.27359390258789,37.52770998723289,36.8352993291783,36.944872972530696,196458400
2017-09-18,36.99150848388672,37.418145712349464,36.83530855172097,37.32722325758565,113077600
2017-09-19,37.005489349365234,37.24795155668751,36.93788181613128,37.1873342261794,83242400
2017-09-20,36.38536071777344,36.89592309278053,35.86313733048767,36.81199439763381,211805600
2017-09-21,35.76054763793945,36.322403372403244,35.61134150486139,36.322403372403244,150046800
2017-09-22,35.41083908081055,35.4994314292816,35.100769418516045,35.32924049065519,186581600
2017-09-25,35.09844970703125,35.39686200772558,34.774392432494984,34.96789477014689,177549200
2017-09-26,35.702274322509766,35.88411923893049,35.364229468002314,35.3852107528149,146640000
2017-09-27,35.95637893676758,36.070616268553735,35.79551535680401,35.856132681053886,102016800
2017-09-28,35.73489761352539,35.9680323858252,35.59967901870899,35.87710996692245,88022000
2017-09-29,35.930721282958984,35.93305490682464,35.436476823510496,35.71857139503844,105199200
2017-10-02,35.85847473144531,36.00768090988704,35.604358570207296,35.963384714241606,74795200
2017-10-03,36.01467514038086,36.156887558977715,35.881790109070714,35.90510146257561,64921200
2017-10-04,35.78153991699219,35.870132308584026,35.54374490380764,35.81651228294703,80655200
2017-10-05,36.22682571411133,36.238483168569914,35.91442585581295,35.94473096857849,85135200
2017-10-06,36.205841064453125,36.25013725286414,36.033320003630024,36.12890614100588,69630400
2017-10-09,36.33173751831055,36.53922741163713,36.250142447704626,36.32474375675449,65051600
2017-10-10,36.3457145690918,36.83529908108613,36.1592095715271,36.38301699154666,62468000
2017-10-11,36.49726104736328,36.59750732414715,36.31075245809779,36.362042409079685,67622400
2017-10-12,36.36903381347656,36.6884273951515,36.30608641273993,36.45063242766684,64500400
2017-10-13,36.59983444213867,36.66744197058261,36.464615827895976,36.539217115925325,65576800
2017-10-16,37.27359390258789,37.30156894094005,36.75370072417806,36.81198442564828,96486000
2017-10-17,37.4111442565918,37.50439676017066,37.12205580372936,37.25028066416653,75989200
2017-10-18,37.24562454223633,37.467105508625025,37.208325667636494,37.39949440603615,65496800
2017-10-19,36.3643798828125,36.62082968995012,36.14057237599801,36.543894747808835,170336800
2017-10-20,36.42731475830078,36.777016979980466,36.35970722734556,36.51124343379811,95896400
2017-10-23,36.40867233276367,36.76303833231093,36.25247239626695,36.576529724267324,87937200
2017-10-24,36.62548828125,36.70008958734267,36.415664770818275,36.43664605465474,71028800
2017-10-25,36.46460723876953,36.730380712477576,36.19883376506149,36.5811746142091,84828400
2017-10-26,36.697757720947266,36.795673931407954,36.55088162657848,36.65579159797525,68002000
2017-10-27,38.012638092041016,38.1408629713092,36.998500069249204,37.13604877730256,177816800
2017-10-30,38.86823654174805,39.1829699641332,38.168832098540996,38.20846459010681,178803200
2017-10-31,39.40910720825195,39.551319586418295,38.91952623556408,39.14333366383427,144187200
2017-11-01,38.90788269042969,39.61894483541886,38.60947030783689,39.60262368515141,134551200
2017-11-02,39.19230651855469,39.283228983403035,38.53253435266287,38.84027411513797,165573600
2017-11-03,40.215755462646484,40.62607145512483,39.894028280591726,40.5654576840608,237594400
2017-11-06,40.623748779296875,40.79626985390001,40.033917876444164,40.1854541103544,140105200
2017-11-07,40.75429153442383,40.856871409850676,40.47220043435453,40.544471649126756,97446000
2017-11-08,41.087677001953125,41.087677001953125,40.642388695693164,40.71932360389682,97638000
2017-11-09,41.003746032714844,41.05503596863797,40.36495545817056,40.82423125698391,117930400
2017-11-10,40.86804962158203,41.0341719661069,40.77446188137926,40.97099827789114,100582000
2017-11-13,40.70427703857422,40.82828242450991,40.57091073475048,40.594309459326475,67928400
2017-11-14,40.08892059326172,40.58962251595852,40.05148406797848,40.48667385650138,99130000
2017-11-15,39.560142517089844,39.850270228825735,39.3963621839097,39.76837827716392,116632400
2017-11-16,40.03276443481445,40.212920996486766,39.84558540164261,40.051479125002835,94550000
2017-11-17,39.81049346923828,40.10062119394135,39.69116855761888,40.01872923861939,87598000
2017-11-20,39.770721435546875,39.906426176309175,39.67245322399015,39.84325247954274,65049600
2017-11-21,40.51005935668945,40.64108358227687,39.95788328446936,39.95788328446936,100525200
2017-11-22,40.9359016418457,40.945258987322624,40.48901252977826,40.56154356019002,102355600
2017-11-24,40.938236236572266,41.062241580805996,40.863363199223556,40.96865385426304,56106800
2017-11-27,40.73234558105469,40.963980061627794,40.55686588762935,40.95696115950226,82867200
2017-11-28,40.49369812011719,40.91484655268083,40.210589294086674,40.78148383440733,105715200
2017-11-29,39.653743743896484,40.4586114493996,39.11092823074107,40.39076084905944,166665600
2017-11-30,40.208255767822266,40.27610635732272,39.41040709429522,39.876011013279204,166108800
2017-12-01,40.02106475830078,40.16612681204002,39.424433156736974,39.76369314346366,159037200
2017-12-04,39.728599548339844,40.38840127674619,39.688824583342225,40.355645213210316,130169600
2017-12-05,39.691165924072266,40.131036155210275,39.40103821861945,39.555461202335145,109400800
2017-12-06,39.54375457763672,39.82218287193415,38.94712659859109,39.190456819322876,114240000
2017-12-07,39.61629104614258,39.87833953783558,39.52036130538249,39.54843690945161,102693200
2017-12-08,39.62798309326172,40.009360006529825,39.49930087333141,39.89003513035818,93420800
2017-12-11,40.400115966796875,40.45159031047844,39.492299618388785,39.588229401626656,141095200
2017-12-12,40.17314910888672,40.33459099273524,40.116997893734805,40.27843620743994,77636800
2017-12-13,40.3065185546875,40.6036616119481,40.24334486253051,40.360331330154146,95273600
2017-12-14,40.29481887817383,40.50773510441506,40.16145259245889,40.33693229251941,81906000
2017-12-15,40.70427703857422,40.75107091758208,40.35097914639911,40.62472708724644,160677200
2017-12-18,41.277503967285156,41.46000256744993,40.91250676695561,40.91718722520547,117684400
2017-12-19,40.837623596191406,41.03650196587789,40.732336517592614,40.95227158897032,109745600
2017-12-20,40.793174743652344,41.0435238791349,40.53580313694786,40.91483807578267,93902400
2017-12-21,40.94759750366211,41.18391242655621,40.734684869859905,40.751061117009336,83799600
2017-12-22,40.94759750366211,41.04352725315094,40.82827260536791,40.87038601530353,65397600
2017-12-26,39.90876007080078,40.11933425698644,39.70052075826751,39.96257283924499,132742000
2017-12-27,39.91578674316406,39.957900160542586,39.70755096023451,39.79880026803186,85992800
2017-12-28,40.028079986572266,40.20824010042652,39.88769483315338,40.009361728106896,65920800
2017-12-29,39.59524154663086,39.913444903186715,39.592903102369796,39.897068653071464,103999600
2018-01-02,40.30418014526367,40.31354106279126,39.60226127674198,39.81283907938488,102223600
2018-01-03,40.297157287597656,40.839976206320266,40.23398716613362,40.36734988159022,118071600
2018-01-04,40.48432922363281,40.587277867352185,40.262055690225814,40.36968122128297,89738400
2018-01-05,40.94526290893555,41.031831750925626,40.48901640769327,40.58026570794173,94640000
2018-01-08,40.793174743652344,41.08797929939686,40.6949029882612,40.793174743652344,82271200
2018-01-09,40.78850173950195,40.959300980537996,40.57324707008062,40.83997607024875,86336000
2018-01-10,40.779144287109375,40.78148630152458,40.47732074949381,40.51475727869783,95839600
2018-01-11,41.010765075683594,41.059900950094274,40.82592807605676,40.849323221374874,74670800
2018-01-12,41.434268951416016,41.497442647697724,41.0973473314388,41.22135270960487,101672400
2018-01-16,41.223690032958984,41.97240267540656,41.21199067273534,41.623781733545634,118263600
2018-01-17,41.9045524597168,41.939646970546875,40.961641853884466,41.21432947214807,137547200
2018-01-18,41.94198989868164,42.13852989077325,41.7056785034929,41.967727066089836,124773600
2018-01-19,41.75481033325195,42.01685887036376,41.50913804463785,41.78990484442101,129700400
2018-01-22,41.413211822509766,41.59571043645508,41.3196240713074,41.48340442098347,108434400
2018-01-23,41.422569274902344,41.984106493976,41.371098510710866,41.48340452646805,130756400
2018-01-24,40.76276397705078,41.48340102680674,40.52411058982438,41.47170166632772,204420400
2018-01-25,40.03510284423828,40.93355791852135,39.89939813455858,40.83060927185792,166116000
2018-01-26,40.128692626953125,40.243340638442135,39.78943262048329,40.243340638442135,156572000
2018-01-29,39.29810333251953,39.81284317502581,39.08986752290882,39.81284317502581,202561600
2018-01-30,39.06644821166992,39.16003592639561,38.53532882673834,38.72952672642949,184192800
2018-01-31,39.174095153808594,39.41041015348423,38.95650199148942,39.043070853468734,129915600
2018-02-01,39.255977630615234,39.452514033583086,39.01732424407224,39.11325400152449,188923200
2018-02-02,37.55265426635742,39.026684400187065,37.45906652490365,38.839505347136026,346375200
2018-02-05,36.61442947387695,38.343489490275864,36.49978143923265,37.22509903691603,290954000
2018-02-06,38.14461135864258,38.30605327216174,36.03183581681367,36.226033801905984,272975200
2018-02-07,37.32803726196289,38.231172856032934,37.218073276522176,38.15864182365693,206434400
2018-02-08,36.30088806152344,37.66963073040576,36.27281246056751,37.50350842775057,217562000
2018-02-09,36.744911193847656,37.09260194445449,35.295412891463684,36.89996378245455,282690400
2018-02-12,38.2249641418457,38.502176211529274,37.003341181062005,37.235920143110576,243278000
2018-02-13,38.60787582397461,38.704196688200184,37.9759220541177,38.046400822690046,130196800
2018-02-14,39.31970977783203,39.359646916272006,38.26489040714786,38.30247598263867,162579600
2018-02-15,40.63999938964844,40.66348992516853,39.70263991420008,39.88823055901645,204588800
2018-02-16,40.50843811035156,41.06991676593039,40.35338910191299,40.491995093642714,160704400
2018-02-20,40.372188568115234,40.938359663897515,40.27116813864954,40.41917323044115,135722000
2018-02-21,40.188934326171875,40.90545828630088,40.174835705295834,40.60240425439604,149886400
2018-02-22,40.524879455566406,40.865522652890775,40.33928883126937,40.36043138630971,123967600
2018-02-23,41.229652404785156,41.26488999005518,40.76919431063251,40.7997359409988,135249600
2018-02-26,42.044864654541016,42.14353351551222,41.39646774614467,41.42935736646841,152648800
2018-02-27,41.90859603881836,42.39959224122291,41.85456387295106,42.075395661320265,155712400
2018-02-28,41.845176696777344,42.43249392454348,41.82873367844383,42.1129932092507,151128400
2018-03-01,41.11220169067383,42.23515182722027,40.5624736826807,41.943841221891674,195208000
2018-03-02,41.396461486816406,41.417604042820585,40.51313424362813,40.59536007435443,153816000
2018-03-05,41.539772033691406,41.75590432996107,40.99943950066743,41.16153961904458,113605600
2018-03-06,41.5045280456543,41.875712915688,41.37766911815642,41.79583864338566,95154000
2018-03-07,41.119232177734375,41.311873849374386,40.94068912341033,41.09808962880745,126814000
2018-03-08,41.567962646484375,41.610247764152966,41.12865052877318,41.22496782502932,95096400
2018-03-09,42.28213882446289,42.286838365775004,41.673679066083274,41.80758910823076,128740800
2018-03-12,42.690914154052734,42.84831473803731,42.33617584549344,42.354966841900726,128828400
2018-03-13,42.279781341552734,43.10907275407872,42.1082857615601,42.89528848118307,126774000
2018-03-14,41.92034912109375,42.40899741596787,41.77234405342869,42.36201276130099,117473600
2018-03-15,41.96968078613281,42.34321720616517,41.83342636615037,41.934443192119986,90975200
2018-03-16,41.821678161621094,42.080095541605395,41.72770527232746,41.969679637122375,157618800
2018-03-19,41.18268966674805,41.6924806514219,40.797409662516635,41.657243047410006,133787200
2018-03-20,41.1685791015625,41.53506438389557,41.098100335414074,41.1685791015625,78597600
2018-03-21,40.23592758178711,41.133346395785146,40.23357601878862,41.121599334891776,148219600
2018-03-22,39.66740036010742,40.56716704796147,39.60866864715772,39.937564805796335,165963200
2018-03-23,38.748844146728516,39.91877912576028,38.748844146728516,39.55934124916197,164115200
2018-03-26,40.588314056396484,40.6658403493108,39.10122662256602,39.48415854628537,150164800
2018-03-27,39.547584533691406,41.147435786997505,39.21398884136804,40.8020930353932,163690400
2018-03-28,39.11062240600586,39.94226549266874,38.80756833575712,39.291517090797406,166674000
2018-03-29,39.41603088378906,40.34869086628051,39.20929408624951,39.42307840327794,153594000
2018-04-02,39.157615661621094,39.68855277274752,38.638429197641905,39.14822016248353,150347200
2018-04-03,39.55933380126953,39.64390761423454,38.734741813385234,39.38313865631738,121112000
2018-04-04,40.31578826904297,40.40975755511149,38.70888981826123,38.734731909634846,138422000
2018-04-05,40.595359802246094,40.93130347216911,40.42621218594805,40.54367560922729,107732800
2018-04-06,39.55699920654297,40.52019750734215,39.51471049340316,40.165459119311066,140021200
2018-04-09,39.94933319091797,40.66350962435743,39.90234851241689,39.909396034957,116070800
2018-04-10,40.70106887817383,40.87726398154254,40.29699448767235,40.64233717705092,113634400
2018-04-11,40.510780334472656,40.858471015088746,40.33693320181526,40.46144412632032,89726400
2018-04-12,40.910160064697266,41.11219729191981,40.651739104982695,40.7386644739953,91557200
2018-04-13,41.048770904541016,41.30953987307731,40.84203769697408,41.06051796495608,100497200
2018-04-16,41.30483627319336,41.3917580517207,41.07225742493238,41.11924207319854,86313600
2018-04-17,41.87336730957031,42.03781540441986,41.44345070001389,41.46224528009664,106421600
2018-04-18,41.779388427734375,42.00961931226193,41.55386066842869,41.772340909299764,83018000
2018-04-19,40.595359802246094,41.20381947450477,40.56247018711588,40.82088756751069,139235200
2018-04-20,38.93208312988281,40.22418097949111,38.86395232674434,40.07852745991191,261964400
2018-04-23,38.81930923461914,39.21398457367162,38.54914123935694,39.19284202008641,146062000
2018-04-24,38.278987884521484,39.07538989520362,37.87491334848278,38.92033728806554,134768000
2018-04-25,38.44578552246094,38.86160713670381,38.154478462401514,38.2038111036761,113528400
2018-04-26,38.5797004699707,38.93443884137493,38.38001114694356,38.556206343249706,111852000
2018-04-27,38.13333511352539,38.605536879463116,37.73630808954247,38.5280105743629,142623200
2018-04-30,38.824005126953125,39.2938587686988,38.02055582973188,38.08868661521634,169709600
2018-05-01,39.726139068603516,39.74962960710038,38.82636863760575,39.094185152429375,214277600
2018-05-02,41.48103332519531,41.75824527216936,40.83028498306096,41.166228639278565,266157600
2018-05-03,41.556217193603516,41.69952273908075,40.98064703329983,41.31894232653787,136272800
2018-05-04,43.186614990234375,43.2852838638577,41.856927797914814,41.8757223811812,224805200
2018-05-07,43.499053955078125,44.08871902485771,43.40273309167816,43.50374991083004,169805600
2018-05-08,43.708152770996094,43.748089915941925,43.149025572353985,43.45913081739253,113611200
2018-05-09,44.015892028808594,44.02528752495806,43.51314874438485,43.825601865665355,92844800
2018-05-10,44.645503997802734,44.723030300623904,44.084028881643164,44.10517502583062,111957200
2018-05-11,44.47568893432617,44.822363298261855,44.20683979479661,44.687940527757824,104848800
2018-05-14,44.37192153930664,44.69737182030801,44.30353163892593,44.57473780741277,83115200
2018-05-15,43.968666076660156,44.11724188633787,43.65265100074759,44.048848361857765,94780800
2018-05-16,44.37900924682617,44.44504573353636,43.864895531861826,43.881405553170005,76732400
2018-05-17,44.098365783691406,44.55116421714171,43.949790004496656,44.33655555797642,69176000
2018-05-18,43.93800354003906,44.29175270097355,43.895555368017746,44.14553753264784,73190800
2018-05-21,44.24929428100586,44.6360597967801,44.07949443520042,44.33655123563415,73603200
2018-05-22,44.13846969604492,44.5441024181634,44.0488520764885,44.426186012862054,60962800
2018-05-23,44.421470642089844,44.4544870933376,43.80830386346207,43.94744796377781,80233600
2018-05-24,44.37192153930664,44.534646679807324,43.91440911918023,44.51814026186224,92936000
2018-05-25,44.47334671020508,44.72568591712509,44.254020350486186,44.39080379663419,69844000
2018-05-29,44.312965393066406,44.513424638795456,44.07005798623047,44.24221845788827,90056400
2018-05-30,44.21864318847656,44.3365595703125,44.04884331075102,44.27052668436617,74762000
2018-05-31,44.0700569152832,44.39078954154259,43.89790004633062,44.152599802347325,109931200
2018-06-01,44.86481857299805,44.86953263652804,44.277593796553276,44.334194945609255,93770000
2018-06-04,45.239803314208984,45.61477657652399,45.12660458565633,45.19499450955699,105064800
2018-06-05,45.58883285522461,45.73740865401023,45.36479244017438,45.532235292656786,86264000
2018-06-06,45.74683380126953,45.77041851462867,45.2610189336562,45.66429450155658,83734400
2018-06-07,45.62420654296875,45.798720479292754,45.36007140934705,45.78457108970132,85388800
2018-06-08,45.209136962890625,45.279887506824466,44.7539814876387,45.08414589463377,106627200
2018-06-11,45.098297119140625,45.27281465481039,44.85775029790672,45.12659949697931,73234000
2018-06-12,45.345924377441406,45.42374962276294,45.07943219787274,45.13603335770362,67644400
2018-06-13,44.973304748535156,45.48742201526099,44.91198952894419,45.37893736680692,86553600
2018-06-14,44.99688720703125,45.178479423187866,44.860103786934765,45.173761760833635,86440400
2018-06-15,44.53466033935547,44.84596132945059,44.39787689811876,44.81530191719264,246876800
2018-06-18,44.511077880859375,44.62427660179374,44.147893403349705,44.308261556652305,73939600
2018-06-19,43.79179000854492,43.94272284557757,43.2635232796693,43.662081258316235,134314000
2018-06-20,43.98280715942383,44.147889362033595,43.80121493729202,43.947433686908205,82514800
2018-06-21,43.7375373840332,44.419093793871994,43.614903363310304,44.15967636513542,102847600
2018-06-22,43.61019515991211,43.90026845785163,43.558311662911876,43.89319376267183,108801600
2018-06-25,42.96165084838867,43.610190899003925,42.62205111884842,43.251724117986754,126652400
2018-06-26,43.49462890625,43.989879081387414,43.04890518803509,43.15503279593732,98276800
2018-06-27,43.430965423583984,44.16676254218602,43.40030601080136,43.68330462576194,101141200
2018-06-28,43.74697494506836,43.91441778022943,43.34605999142176,43.416810535835204,69460800
2018-06-29,43.65501022338867,44.14554288450888,43.136178777490194,43.93329120310292,90950800
2018-07-02,44.14317321777344,44.171475595281485,43.25644335717007,43.35077861799314,70925200
2018-07-03,43.374359130859375,44.32476482948047,43.28474153395483,44.287030725676225,55819200
2018-07-05,43.723384857177734,43.96157820747842,43.45925336225282,43.69036842031212,66416800
2018-07-06,44.32948303222656,44.43796408383284,43.676225296429266,43.72810879016174,69940800
2018-07-09,44.945011138916016,44.96859225753732,44.64314547179164,44.69031130755683,79026400
2018-07-10,44.8907585144043,45.11008121096338,44.850663786356435,44.97565843531915,63756400
2018-07-11,44.308265686035156,44.7563465471134,44.244589825221624,44.45448086414058,75326000
2018-07-12,45.0511360168457,45.14075362545193,44.64550334429064,44.69738684416554,72164400
2018-07-13,45.121883392333984,45.24215680710404,45.02047343207802,45.062925201040784,50055600
2018-07-16,45.0228385925293,45.43318534216058,44.90727923050014,45.16669673769916,60172400
2018-07-17,45.150184631347656,45.24923396629142,44.61956088081296,44.749269628425964,62138000
2018-07-18,44.902557373046875,45.23272540578134,44.79171568473517,45.22800774285761,65573600
2018-07-19,45.2515869140625,45.40959441668274,44.73511264213496,44.73511264213496,81147200
2018-07-20,45.147830963134766,45.381303127712265,44.84832230515157,45.228013249989196,82704800
2018-07-23,45.18791198730469,45.270454886685215,44.70445414490889,44.968585665291265,63957600
2018-07-24,45.515724182128906,45.67137467251111,45.2916837724395,45.38601544014374,74791600
2018-07-25,45.9449348449707,45.95200953909044,45.38129115760423,45.52986693116255,66839600
2018-07-26,45.80108642578125,46.21379379653587,45.65958531639916,45.89541809968751,76304000
2018-07-27,45.039329528808594,46.03218681201262,44.83179919293578,45.985020990156144,96096000
2018-07-30,44.78699493408203,45.32705030624448,44.58889630312897,45.256299767040694,84118000
2018-07-31,44.87662124633789,45.31291335911361,44.65258080944883,44.878981877356686,157492000
2018-08-01,47.52029800415039,47.58161322223618,46.532158229193854,46.96137555136066,271742800
2018-08-02,48.909358978271484,49.142834720583664,47.24909782850807,47.30333835907744,249616000
2018-08-03,49.05086135864258,49.22773594418698,48.45891877596613,48.82446030579577,133789600
2018-08-06,49.3055534362793,49.3480016028406,48.8338879490359,49.05321067331347,101701600
2018-08-07,48.843318939208984,49.40695904402814,48.76077604077673,49.364510878106664,102349600
2018-08-08,48.876338958740234,49.00840472708714,48.23251653878795,48.59334036963655,90102000
2018-08-09,49.2607536315918,49.473001700187574,48.864552678750876,49.41404350351956,93970400
2018-08-10,49.11402130126953,49.48557902120588,48.9104936737248,49.07378955771502,98444800
2018-08-13,49.4311408996582,49.92339381288648,49.15424931305655,49.5352718097257,103563600
2018-08-14,49.639408111572266,49.83110202995326,49.28678360256795,49.73643952568758,82992000
2018-08-15,49.75537109375,49.87370102571761,49.303349886959445,49.51397702141606,115230400
2018-08-16,50.48427200317383,50.60023299802552,50.04644991368053,50.11271437106495,114001600
2018-08-17,51.49245834350586,51.580021345614256,50.446422082464224,50.51268656154246,141708000
2018-08-20,50.99072265625,51.8710937996567,50.90789028088457,51.61550439065792,121150800
2018-08-21,50.891334533691406,51.4001553976594,50.65230937590978,51.3078581970167,104639200
2018-08-22,50.893699645996094,51.20372346063428,50.607339648826624,50.66887351875901,76072400
2018-08-23,50.99783706665039,51.36702588882089,50.78720992522527,50.79904002989907,75532800
2018-08-24,51.15638732910156,51.33151328398734,50.907893796984375,51.26051822721865,73905600
2018-08-27,51.57765197753906,51.766980593315445,51.19662944732842,51.39068866042055,82100400
2018-08-28,51.99415969848633,52.19295307283816,51.80956533499646,51.830863851289415,91107200
2018-08-29,52.77040481567383,52.89110363309091,51.92553114946539,52.100657102357275,109019200
2018-08-30,53.25556564331055,54.01997594606434,52.63314908356902,52.83431140009816,195175200
2018-08-31,53.87089157104492,54.16434752163263,53.4851347972511,53.605830040366044,173360400
2018-09-04,54.04364776611328,54.23770698067207,53.634227204341904,54.05548148177805,109560400
2018-09-05,53.691017150878906,54.353665430113836,53.272131830936814,54.19273847104645,133332000
2018-09-06,52.7988166809082,53.80462109487018,52.37282820688396,53.539559593731255,137160000
2018-09-07,52.37282180786133,53.33602545116315,52.23319337295159,52.50298543834602,150479200
2018-09-10,51.66994857788086,52.502992310884245,51.22976108607632,52.28999626644421,158066000
2018-09-11,52.97631072998047,53.082806943997085,51.25105834056841,51.59421441290767,142996000
2018-09-12,52.318389892578125,53.248461282972364,52.02729570420869,53.234262271079686,197114800
2018-09-13,53.582157135009766,54.041277818620834,52.67338418396215,52.89821031768042,166825600
2018-09-14,52.97393798828125,53.683917511891266,52.661548875687,53.425959151653856,127997200
2018-09-17,51.56344985961914,52.763313434962186,51.41908720503265,52.573984830581786,148780400
2018-09-18,51.64864730834961,52.502989516991164,51.383585819005404,51.542147486225396,126286800
2018-09-19,51.67941665649414,51.97524150544351,50.95287270526893,51.710183596350696,108495200
2018-09-20,52.072265625,52.60475027848478,51.8640038049603,52.12196578156135,106435200
2018-09-21,51.51138687133789,52.387027646018495,51.42382026606977,52.24976449154423,384986800
2018-09-24,52.25212860107422,52.36335902352826,51.267626333584346,51.31259228450954,110773600
2018-09-25,52.58345031738281,52.73254717183654,51.99416601700422,52.00599973120798,98217600
2018-09-26,52.16456604003906,52.95264380917307,52.008369665368996,52.30182919252401,95938800
2018-09-27,53.23662185668945,53.58924626246891,52.90293066844936,52.96919873540815,120724800
2018-09-28,53.42360305786133,53.44726687937326,53.01654777196668,53.19877328106708,91717600
2018-10-01,53.7833251953125,54.2945114233787,53.567967440306184,53.94662109687337,94403200
2018-10-02,54.26136779785156,54.4317631714536,53.634220666637496,53.78094861179492,99152800
2018-10-03,54.92164993286133,55.2529722591602,54.37969688559939,54.44359605250793,114619200
2018-10-04,53.956077575683594,54.9879146101768,53.65788386972213,54.616356932476414,128168000
2018-10-05,53.080440521240234,54.05548163878989,52.202434427966345,53.94898541978365,134322000
2018-10-08,52.957374572753906,53.201133924424155,52.112497192021806,52.588185792016155,118655600
2018-10-09,53.691017150878906,53.78568325427967,52.597649837383955,52.92660687302358,107564000
2018-10-10,51.203731536865234,53.56796502679298,51.13036755219829,53.357337879043975,167962400
2018-10-11,50.751705169677734,51.946838159353845,50.247622134232415,50.76827309287209,212497600
2018-10-12,52.56451416015625,52.746743237513996,51.31731586452513,52.164558475955246,161351600
2018-10-15,51.44038772583008,52.498257597389845,51.419089204933876,52.33969592325769,123164000
2018-10-16,52.5739860534668,52.77278307881881,51.29838956224378,51.81194102118885,116736000
2018-10-17,52.34679412841797,52.68995019740248,51.90897195034415,52.6094867130337,91541600
2018-10-18,51.123260498046875,52.003635406378,50.408546758242004,51.55871374421379,130325200
2018-10-19,51.9018669128418,52.36335286065442,51.45694527539042,51.6060421243539,132314800
2018-10-22,52.2190055847168,52.860355503776574,51.81431917722732,52.015477925904,115168400
2018-10-23,52.711246490478516,52.83431062152317,50.810868215917154,51.07829499747305,155071200
2018-10-24,50.903167724609375,53.066238670983005,50.77300408116082,52.68048556003546,163702000
2018-10-25,52.01783752441406,52.3917605334903,51.2960242350942,51.52321928773726,119423200
2018-10-26,51.18953323364258,52.11014003080295,50.33045670583249,51.09486711409227,189033600
2018-10-29,50.22868728637695,51.99180242637242,48.77322705892924,51.87347250273323,183742000
2018-10-30,50.47954177856445,50.924459797370716,49.525802965453806,49.970720984260076,146640000
2018-10-31,51.795379638671875,52.17166796781139,51.265260226318844,51.32679410406147,153435600
2018-11-01,52.59055709838867,52.62368933605675,51.310226322888035,51.84034573672041,233292800
2018-11-02,49.102195739746094,50.56238691019162,48.61704221561226,49.59208347306749,365314800
2018-11-05,47.70825958251953,48.37090790263362,46.898883307010784,48.349609382233005,264654800
2018-11-06,48.22417068481445,48.448996782971804,47.73191784473801,47.78634859013266,127531600
2018-11-07,49.686737060546875,49.712769789684685,48.30937854826853,48.74483182553473,133697600
2018-11-08,49.51337814331055,49.90047723917868,49.100151860589314,49.86722939737878,101450400
2018-11-09,48.558677673339844,48.924403878426105,48.03145938671116,48.81516253903021,137463200
2018-11-12,46.112579345703125,47.46149946228675,46.02233365648393,47.259635249162585,204542000
2018-11-13,45.651851654052734,46.82740454065561,45.46661319307252,45.509362481467676,187531600
2018-11-14,44.3623046875,46.18619210460232,44.155689779845716,46.04845004074686,243204000
2018-11-15,45.457122802734375,45.59011416840596,44.38606035126789,44.739915225013526,185915200
2018-11-16,45.96058654785156,46.30256638175238,44.99402206817327,45.241005490578,147713200
2018-11-19,44.13907241821289,45.28850181754832,43.93246111209579,45.122262627353955,167701200
2018-11-20,42.03019714355469,43.09650870762466,41.68109304931267,42.36030195645278,271300800
2018-11-21,41.98270797729492,42.81153410282051,41.92808729886991,42.68328983761377,124496800
2018-11-23,40.9163932800293,41.93995928124868,40.87127405903531,41.545732307356154,94496000
2018-11-26,41.46974182128906,41.54811251832869,40.434304272853666,41.37949974109404,179994000
2018-11-27,41.37949752807617,41.505364622235895,40.58154566531735,40.73115914826122,165549600
2018-11-28,42.970645904541016,43.05376369196034,41.54335510075574,41.97082991406699,184250000
2018-11-29,42.64054489135742,43.41237317618883,42.201195033571544,43.379125333484275,167080000
2018-11-30,42.41017532348633,42.82577508860625,42.04207194963164,42.81627363610778,158126000
2018-12-03,43.892093658447266,43.920590773009714,43.03477043251187,43.80659869101698,163210000
2018-12-04,41.961334228515625,43.31500152005368,41.86159070426997,42.97302165192976,165377200
2018-12-06,41.49348068237305,41.50772923732443,40.47229196719625,40.790521773585056,172393600
2018-12-07,40.01395034790039,41.438863958560475,39.96882750376399,41.2013783567838,169126400
2018-12-10,40.277557373046875,40.39392299254589,38.78852171429132,39.18512221335925,248104000
2018-12-11,40.04719543457031,40.797647130558154,39.66009277068402,40.76677646859411,189126800
2018-12-12,40.1588134765625,40.8285209353053,40.13981419510096,40.46754183502088,142510800
2018-12-13,40.59816360473633,40.982892750447746,40.26568520596623,40.488922255315906,127594400
2018-12-14,39.29911422729492,40.15406379663115,39.251617834274576,40.135064514674504,162814800
2018-12-17,38.93338394165039,39.98069614858021,38.64602481476613,39.29198583874038,177151600
2018-12-18,39.439239501953125,39.78596648532235,39.04026176741648,39.2753738408261,135366000
2018-12-19,38.20906066894531,39.766965732375674,37.78158583477407,39.422612313422675,196189200
2018-12-20,37.244869232177734,38.498792982639806,36.88151653310877,38.09269098875768,259092000
2018-12-21,35.796199798583984,37.56071950978802,35.53496783964715,37.25198753673331,382978400
2018-12-24,34.870018005371094,35.990950549802086,34.81302014550831,35.18349717525792,148676800
2018-12-26,37.32560729980469,37.33985585447229,34.843883771660536,35.219111414123994,234330000
2018-12-27,37.08336639404297,37.230609896054816,35.63945746965547,37.00974645490796,212468400
2018-12-28,37.10237121582031,37.64621522429912,36.70339718009544,37.40397891761338,169165600
2018-12-31,37.460975646972656,37.84570111622469,37.16174150533906,37.64858765548356,140014000
2019-01-02,37.50372314453125,37.72458662290483,36.62740075617171,36.78414211195393,148158800
2019-01-03,33.76808547973633,34.606409542440964,33.72296262600118,34.19318320289865,365248800
2019-01-04,35.20962142944336,35.27849429775803,34.15043745176816,34.32380096292475,234428400
2019-01-07,35.1312370300293,35.34497620753609,34.64914163479425,35.314101925245296,219111200
2019-01-08,35.80095291137695,36.05506423362693,35.271361057087084,35.51834447775036,164101200
2019-01-09,36.40892028808594,36.69865303809117,35.53497493470445,35.92919831490206,180396400
2019-01-10,36.52528762817383,36.56565974711911,35.82707935334201,36.2165556097032,143122800
2019-01-11,36.166683197021484,36.50153878834281,35.98144470474648,36.30680246578782,108092800
2019-01-14,35.62283706665039,35.924444768462564,35.437598603803195,35.82470125952503,129756800
2019-01-15,36.35192108154297,36.42791458616587,35.634713583499995,35.68696070331559,114843600
2019-01-16,36.7960205078125,37.01925755806657,36.33529785069117,36.354297134089684,122278800
2019-01-17,37.014503479003906,37.4419782573986,36.39703950757352,36.62027653760977,119284800
2019-01-18,37.24250411987305,37.49423834764518,37.04301340511108,37.403992634389624,135004000
2019-01-22,36.40654373168945,37.22111761208294,36.24505163700586,37.14512410332922,121576000
2019-01-23,36.55378341674805,36.84351614102213,36.02656509052752,36.60840409054777,92522400
2019-01-24,36.2640495300293,36.68677359804413,36.036065388764655,36.59890508773824,101766000
2019-01-25,37.46572494506836,37.5535970765076,36.6487775687618,36.92425809596469,134142000
2019-01-28,37.118995666503906,37.12611994377185,36.492033900729126,36.99787570546437,104768400
2019-01-29,36.7342643737793,37.55359244791163,36.598899490058756,37.107118439253085,166348800
2019-01-30,39.2444953918457,39.45823098230422,38.05231666544547,38.7695241919444,244439200
2019-01-31,39.52710723876953,40.13506984718842,39.08063311282435,39.44873654918918,162958400
2019-02-01,39.54610061645508,40.13031312607623,39.405981367304726,39.65059485362112,130672400
2019-02-04,40.669403076171875,40.7667730276874,39.72658509160154,39.75745937470211,125982000
2019-02-05,41.365238189697266,41.578977394234336,40.93064275033117,41.05175909628241,144406400
2019-02-06,41.37949752807617,41.69535385122478,41.049392646908444,41.476863882454516,112958400
2019-02-07,40.595787048339844,41.30824381331951,40.45329424584691,40.94251397800082,126966800
2019-02-08,40.643497467041016,40.70312351098446,40.16887284710859,40.30482197415641,95280000
2019-02-11,40.40974426269531,40.83428487045361,40.36681527543273,40.796123344475696,83973600
2019-02-12,40.75797653198242,40.78421213565277,40.474155993899046,40.56955984328428,89134000
2019-02-13,40.588626861572266,41.137187031192965,40.52661710438461,40.877218430046,89960800
2019-02-14,40.73651123046875,40.84622110600096,40.39783576019398,40.47654256965909,87342800
2019-02-15,40.645877838134766,40.95116286674207,40.486080490292245,40.843836724374356,98507200
2019-02-19,40.767513275146484,40.8891527227653,40.424070350564264,40.47654155555973,75891200
2019-02-20,41.02986526489258,41.33753763113266,40.78182257054154,40.82952266876856,104457600
2019-02-21,40.798519134521484,41.1109589873407,40.617257291473365,40.97501351487574,68998800
2019-02-22,41.254058837890625,41.26121367050578,40.87483815215059,40.92253824934637,75652800
2019-02-25,41.55458068847656,41.94572738329007,41.48779981174876,41.53788728893703,87493600
2019-02-26,41.57843017578125,41.809779499488094,41.30176447990518,41.430558762837144,68280800
2019-02-27,41.707210540771484,41.738217238147755,41.19681191554491,41.311296503110974,111341600
2019-02-28,41.296993255615234,41.71676290033313,41.24213831860219,41.57604632138093,112861600
2019-03-01,41.731082916259766,41.77401192823292,41.23499371084091,41.566514425124964,103544800
2019-03-04,41.940956115722656,42.394112543739396,41.4925671504077,41.90279457840128,109744800
2019-03-05,41.8646354675293,41.976732715355126,41.628515035862925,41.96242304785135,78949600
2019-03-06,41.623748779296875,41.85509811540578,41.48541592394316,41.65952294909317,83241600
2019-03-07,41.141963958740234,41.60466257047475,41.027482991072056,41.46871346445025,99185600
2019-03-08,41.239742279052734,41.27790380614396,40.42644247442823,40.622017571308106,95997600
2019-03-11,42.66839599609375,42.7208672064059,41.82170907547074,41.8550995148253,128044000
2019-03-12,43.14777755737305,43.567543462773116,42.780479205774704,42.93073795318164,129870400
2019-03-13,43.338584899902344,43.71780557424151,43.15016460861008,43.46737552238741,124130000
2019-03-14,43.82035827636719,43.90860727009879,43.54130890969814,43.86090353758059,94318000
2019-03-15,44.39038848876953,44.67898009371108,43.82275112158004,44.08749085728255,156171600
2019-03-18,44.84355163574219,44.931797007327894,44.311684756998986,44.31407212765884,104879200
2019-03-19,44.4881706237793,45.074892326124115,44.34268297347357,44.92224984377744,126585600
2019-03-20,44.8769416809082,45.19415263672283,44.05887055501057,44.41662677956,124140800
2019-03-21,46.529762268066406,46.82550865122841,45.27046095796305,45.32054841838831,204136800
2019-03-22,45.566219329833984,47.14988676613712,45.50182218928217,46.589400548765894,169630800
2019-03-25,45.01527404785156,45.78802515555478,44.50487531846958,45.67592791524002,175381200
2019-03-26,44.5501823425293,46.002675178612826,44.02309028279383,45.71169986519132,199202000
2019-03-27,44.950870513916016,45.25853921871362,44.492943053204904,45.01765137448114,119393600
2019-03-28,45.010494232177734,45.210836803591036,44.72667376970035,45.065349156408665,83121600
2019-03-29,45.303855895996094,45.334862595503004,44.96756422056934,45.27523656677985,94256000
2019-04-01,45.61152648925781,45.716465238779,44.929404601308974,45.706926675834836,111448000
2019-04-02,46.274566650390625,46.37950903701482,45.56620917996109,45.57574774270704,91062800
2019-04-03,46.5917854309082,46.866063737526034,46.06707340893333,46.090925278762874,93087200
2019-04-04,46.67287063598633,46.83505168659805,46.06468441762447,46.45821474988475,76457200
2019-04-05,46.98530578613281,47.00915765087475,46.7301046626718,46.854127808619374,74106400
2019-04-08,47.72467803955078,47.755681101848495,46.82790017839874,46.84698094558115,103526800
2019-04-09,47.581573486328125,48.380563770007704,47.51717635283578,47.77714861794036,143072800
2019-04-10,47.84870910644531,47.87733208376372,47.266758304534136,47.3860103987197,86781200
2019-04-11,47.45039367675781,47.93932784783885,47.328757886390626,47.90355368575557,83603200
2019-04-12,47.431312561035156,47.73421380848301,46.796894375967724,47.510019356322424,111042800
2019-04-15,47.517173767089844,47.66504879296179,47.226198455924894,47.36214754820143,70146400
2019-04-16,47.52195358276367,48.02758123423002,47.357385131107456,47.572041057335646,102785600
2019-04-17,48.44733810424805,48.5069641281486,47.36929857312662,47.591105635180504,115627200
2019-04-18,48.62145233154297,48.69061692830525,48.30185766916621,48.44495796431432,96783200
2019-04-22,48.781253814697266,48.87904139023964,48.258929140631615,48.37579748500796,77758000
2019-04-23,49.48484420776367,49.54924135270918,48.63099884184276,48.757405760889796,93292000
2019-04-24,49.40851593017578,49.72333948607253,49.38228033057737,49.45621602782266,70162400
2019-04-25,48.96013259887695,49.55162188369278,48.92197106068636,49.32981476661857,74172800
2019-04-26,48.72639846801758,48.893350644801465,48.20645752970833,48.869498774138975,74596400
2019-04-29,48.800331115722656,49.12469688428121,48.62145301481061,48.750243646182206,88818800
2019-04-30,47.86062240600586,48.51173764933064,47.48855655267741,48.43064712012503,186139600
2019-05-01,50.20988082885742,51.352313790983374,49.90220852221569,50.05723836052837,259309200
2019-05-02,49.88314437866211,50.71790895155389,49.639872751990076,50.047712833889186,127985200
2019-05-03,50.50325012207031,50.5247146205948,50.14072282120273,50.29813642228416,83569600
2019-05-06,49.723350524902344,49.809212175442106,48.53560072517309,48.724017426457166,129772400
2019-05-07,48.382957458496094,49.47053592258207,47.898794270662066,49.1032410915402,155054800
2019-05-08,48.39249038696289,48.9744410929356,48.11821207126675,48.153986237910765,105358000
2019-05-09,47.87254333496094,48.10150523340118,46.904217269389115,47.79622027595835,139634400
2019-05-10,47.2093505859375,47.60918957732427,46.15349960538394,47.266813330080936,164834800
2019-05-13,44.465572357177734,45.36580015551606,43.778430559260165,44.942024719152,229722400
2019-05-14,45.169464111328125,45.4184619831724,44.39134073852921,44.63076331477503,146118800
2019-05-15,45.710567474365234,45.909288693023,44.53739806425962,44.59725372096499,106178800
2019-05-16,45.50946044921875,46.081680470520816,45.21257503042482,45.46875903470102,132125600
2019-05-17,45.25087356567383,45.7057750661255,44.714565600818894,44.755267006370964,131516400
2019-05-20,43.83589172363281,44.13756659807393,43.1631146676168,43.938845361937226,154449200
2019-05-21,44.67626953125,45.01145979178377,44.22136428818292,44.34586509350968,113459200
2019-05-22,43.761661529541016,44.46317163112691,43.70659535573083,44.21177717624734,118994400
2019-05-23,43.01465606689453,43.22534542595184,42.571722889546706,43.04817507765125,146118800
2019-05-24,42.8494758605957,43.608445291739905,42.765676464152946,43.14396472396016,94858800
2019-05-28,42.67229461669922,43.237332173533716,42.59568127428577,42.837496817068114,111792800
2019-05-29,42.46877670288086,42.94043945879135,42.138372386702336,42.23892942786569,113924800
2019-05-30,42.68905258178711,42.91171385804956,42.29879255396897,42.605253206009266,84873600
2019-05-31,41.915714263916016,42.614827782966735,41.89656001846683,42.193441689682246,108174400
2019-06-03,41.49193572998047,42.59806693078556,40.76648557188118,42.042608419661796,161584400
2019-06-04,43.00987243652344,43.05536331158064,41.78402998710208,42.00429832390132,123872000
2019-06-05,43.70420837402344,44.290796781787606,43.369018129557915,44.120805094973164,119093600
2019-06-06,44.345855712890625,44.4057113648459,43.61082655329625,43.8334914782854,90105200
2019-06-07,45.52620315551758,45.9499821546274,44.47753471563899,44.65470509073558,122737600
2019-06-10,46.10800552368164,46.77599298149099,45.87815821635535,45.92364909565006,104883600
2019-06-11,46.64192199707031,46.92683551148941,46.352222660423585,46.65389385923823,107731600
2019-06-12,46.49346923828125,46.91964111865078,46.30193045250542,46.436006506558954,73012800
2019-06-13,46.4838981628418,47.11597370565027,46.352218650285145,46.61558132869754,86698400
2019-06-14,46.14631652832031,46.34982356084615,45.56212475815353,45.86140302948494,75046000
2019-06-17,46.42164611816406,46.67783004464345,46.009838968534694,46.18461643739985,58676400
2019-06-18,47.51341247558594,47.95394916644094,46.73768561849317,46.93879971823583,106204000
2019-06-19,47.374549865722656,47.85579164174734,47.240473790931375,47.8079041979227,84496800
2019-06-20,47.7552375793457,48.03057213210239,47.41286133169161,47.97310938789001,86056000
2019-06-21,47.59242248535156,48.08802900374868,47.44158508352656,47.597211960109185,191202400
2019-06-24,47.5445442199707,47.92283239718668,47.446380069181274,47.53496526934287,72881600
2019-06-25,46.823883056640625,47.707349446417524,46.75684136270738,47.50862823550264,84281200
2019-06-26,47.83663558959961,48.12154906442843,47.25005095787499,47.350608010173595,104270000
2019-06-27,47.82227325439453,48.26041706742118,47.78157184924549,47.953952766753574,83598800
2019-06-28,47.38651657104492,47.764804685647896,47.17822009560668,47.568476416564636,124442400
2019-07-01,48.25562286376953,48.95952585004053,48.04014034472605,48.64348628342958,109012000
2019-07-02,48.538150787353516,48.633922035339324,48.21014293958858,48.22211480224925,67740800
2019-07-03,48.94037628173828,48.94755866772957,48.528569102842056,48.6698275650695,45448000
2019-07-05,48.897274017333984,49.100784678008225,48.578841537594826,48.68658462459811,69062000
2019-07-08,47.889305114746094,48.21970578842082,47.50383461771007,48.07844734407372,101354400
2019-07-09,48.18140411376953,48.24604558375023,47.59960531085121,47.69297997634442,82312000
2019-07-10,48.65785217285156,48.77756346841761,48.25801688405682,48.32745148133247,71588400
2019-07-11,48.303504943847656,48.9355804014419,48.29392964821228,48.67700357970353,80767200
2019-07-12,48.674617767333984,48.84221286513295,48.41125143272195,48.47110708574294,70380800
2019-07-15,49.13191223144531,49.28992836732956,48.84220928460961,48.86375644132579,67789600
2019-07-16,48.96192932128906,49.34739991342239,48.72250668402115,48.98347648185129,67467200
2019-07-17,48.686588287353516,49.103181282791674,48.66743404051857,48.854183380535474,56430000
2019-07-18,49.239646911621094,49.29232016959373,48.770377064219026,48.842204566299756,74162400
2019-07-19,48.5046272277832,49.440770539487346,48.449561048653315,49.2707788735222,83717200
2019-07-22,49.6131477355957,49.61554064622825,48.74883206842125,48.75840736425008,89111600
2019-07-23,50.00102233886719,50.017783676941924,49.629916523049886,49.91004422158838,73420800
2019-07-24,49.96030044555664,50.075222240596005,49.6011666394229,49.72087790813415,59966400
2019-07-25,49.56528091430664,50.0967995205445,49.49584629591255,50.01300012684126,55638400
2019-07-26,49.737648010253906,50.21409660563263,49.59399300114856,49.67539580143556,70475600
2019-07-29,50.20212936401367,50.43197666906582,49.90524767605758,49.910037151014635,86693600
2019-07-30,49.98665237426758,50.317056746119604,49.63470084424237,49.98186289912939,135742800
2019-07-31,51.006591796875,53.00098259885539,50.58999878893159,51.81584139677293,277125600
2019-08-01,49.90284729003906,52.201305551333476,49.49822619298105,51.21248911312201,216071600
2019-08-02,48.84700012207031,49.42400581448253,48.274780251307064,49.20852693471187,163448400
2019-08-05,46.289955139160156,47.561288300596566,46.10799531556545,47.403272193424044,209572000
2019-08-06,47.1662483215332,47.42243223605077,46.45755587635723,47.001046156589894,143299200
2019-08-07,47.65468215942383,47.77918295906988,46.40489930028725,46.785580433088036,133457600
2019-08-08,48.70573806762695,48.72968178909559,47.73847236505692,47.93240408773638,108038000
2019-08-09,48.304386138916016,48.729771632927324,47.89581833034356,48.378888558753715,98478800
2019-08-12,48.18180847167969,48.55913186457045,47.862166138995526,47.975122589913205,89927600
2019-08-13,50.22224044799805,50.984093390193046,48.18181792423024,48.311599418361524,188874000
2019-08-14,48.72736740112305,49.61419405795877,48.68891335806939,48.825904511255764,146189600
2019-08-15,48.48462677001953,49.30175490823095,47.9871372796202,48.897998510671115,108909600
2019-08-16,49.628623962402344,49.78724417334973,48.989339112593925,49.09508591989218,110481600
2019-08-19,50.553897857666016,51.125886205011135,50.476989765853084,50.61878493455606,97654400
2019-08-20,50.556297302246094,51.274892121646914,50.54668562484565,50.68127111152873,107537200
2019-08-21,51.1042594909668,51.346993790769034,50.854315515628436,51.18837726179461,86141600
2019-08-22,51.06100082397461,51.536857739537524,50.65003098745678,51.236442371877644,89014800
2019-08-23,48.70094299316406,50.96247108877293,48.306798120361755,50.33279789322292,187272000
2019-08-26,49.626220703125,49.79445258903161,49.28254358810572,49.474810172219016,104174400
2019-08-27,49.06623840332031,50.12129694945658,48.91482789577303,49.95546709208185,103493200
2019-08-28,49.395484924316406,49.44114863660078,48.864352728284025,49.05181158184592,63755200
2019-08-29,50.23184585571289,50.30635193898806,49.66706722800578,50.109277719604904,83962000
2019-08-30,50.166969299316406,50.577935508818626,49.796855476567124,50.50824075026929,84573600
2019-09-03,49.43635559082031,49.74398065522446,49.08066479769928,49.611797150867986,80092000
2019-09-04,50.27510070800781,50.344795442434986,49.825680603113376,50.082834187024794,76752400
2019-09-05,51.25807571411133,51.42390559777108,50.83268649087719,50.950450645100226,95654800
2019-09-06,51.253257751464844,51.532044060281095,51.073008551878715,51.443122295315995,77449200
2019-09-09,51.47196578979492,52.017521111519436,50.72693789572652,51.63298798303403,109237600
2019-09-10,52.08000946044922,52.0992364848002,50.88075361239367,51.39746659829906,127111600
2019-09-11,53.73588943481445,53.764731799858204,52.32754223662438,52.40925799253917,177158400
2019-09-12,53.615726470947266,54.41603338856972,53.56045107438245,54.02669627568618,128906800
2019-09-13,52.57268524169922,53.062961469937115,52.156911432083696,52.8731005859375,159053200
2019-09-16,52.849063873291016,52.904342934889065,52.286687250476454,52.32754329567108,84632400
2019-09-17,53.04133224487305,53.07017461149301,52.66160681112901,52.86348870875079,73274800
2019-09-18,53.538822174072266,53.55804919622197,52.73851525459077,53.12785236837871,101360000
2019-09-19,53.103816986083984,53.77674437024011,52.96201816775611,53.35616292155293,88242400
2019-09-20,52.327552795410156,53.48835829201576,52.26506771503566,53.204767926646866,221652400
2019-09-23,52.565467834472656,52.83463876981788,52.30831057738616,52.62074322287127,76662000
2019-09-24,52.31553649902344,53.471538013059494,52.19777601182611,53.12065122006928,124763200
2019-09-25,53.120643615722656,53.233600080826086,52.1857511921416,52.5246205874519,87613600
2019-09-26,52.8466682434082,53.09901788679732,52.591916597251874,52.87310494256668,75334000
2019-09-27,52.589508056640625,53.103818957729175,52.21939431443392,53.002876179178735,101408000
2019-09-30,53.82721710205078,53.97381992879909,53.062958600700476,53.08939529625113,103909600
2019-10-01,53.976226806640625,54.84863417143314,53.882497362527516,54.09158894337955,139223200
2019-10-02,52.62315368652344,53.733487563158945,52.37560808292696,53.60851376014331,138449200
2019-10-03,53.07017517089844,53.10382154299348,51.70268392792921,52.49577750833809,114426000
2019-10-04,54.557823181152344,54.673185302428074,53.80798772875578,54.228569169561645,138478800
2019-10-07,54.56984329223633,55.25959571661038,54.276637636700606,54.37998241718254,122306000
2019-10-08,53.93056106567383,54.81017807266463,53.91373971335013,54.27183612343445,111820000
2019-10-09,54.562644958496094,54.745296196966166,54.22858318869605,54.562644958496094,74770400
2019-10-10,55.29804992675781,55.3821676863081,54.62752452153625,54.7789313546757,113013600
2019-10-11,56.76888656616211,57.11255994872208,55.83158852183792,55.98540102647654,166795600
2019-10-14,56.68717575073242,57.230329070079826,56.39877773778656,56.45405313736609,96427600
2019-10-15,56.55499267578125,57.114963649042345,56.44924588810258,56.812146302927566,87360000
2019-10-16,56.32666778564453,56.53575933506916,56.04547949556907,56.08633553766423,73903200
2019-10-17,56.545379638671875,56.75446755281839,56.122396137875576,56.49971591783996,67585200
2019-10-18,56.81694793701172,57.09813622863061,56.307441074815046,56.379541483040704,97433600
2019-10-21,57.80231475830078,57.91767689190389,57.03565787328163,57.08372359535983,87247200
2019-10-22,57.67013931274414,58.20848130833189,57.58842354511688,57.95853733426326,82293600
2019-10-23,58.44400405883789,58.458427076554564,57.97295482779117,58.184448414812785,75828800
2019-10-24,58.54014205932617,58.83334775862676,58.11475286162288,58.763649338023576,69275200
2019-10-25,59.261138916015625,59.29718729410837,58.37191014032259,58.43920289088229,73477200
2019-10-28,59.854759216308594,59.90282494220439,59.29478452503203,59.46301639925722,96572800
2019-10-29,58.47043991088867,60.02298808307294,58.29740403976976,59.835529194446124,142839600
2019-10-30,58.463226318359375,58.953506199746954,57.970548101650635,58.82372472112932,124522000
2019-10-31,59.78505325317383,59.883590362494004,57.02123219032763,59.4197508487146,139162000
2019-11-01,61.481807708740234,61.508240739941634,59.881193789695324,59.972517565501164,151125200
2019-11-04,61.88556671142578,61.969684482565675,61.37606341335742,61.84470699366309,103272000
2019-11-05,61.79663848876953,62.0513901112309,61.60196993451809,61.777407799701365,79897600
2019-11-06,61.82307052612305,61.88315359336873,61.37365035662275,61.71011406632682,75864400
2019-11-07,62.536582946777344,62.75835567028647,62.218390178586034,62.370255243239974,94940400
2019-11-08,62.70774841308594,62.78006162131691,61.914679233049654,62.35821740841793,69986400
2019-11-11,63.204322814941406,63.26940470655906,62.25938848011843,62.264206908852415,81821200
2019-11-12,63.146461486816406,63.346540292385484,62.89577079131736,63.04762853024531,87388800
2019-11-13,63.751495361328125,63.826221446810386,62.93191395655707,62.9463765952712,102734400
2019-11-14,63.31037521362305,63.850333385659255,63.180204098443475,63.57794140753723,89182800
2019-11-15,64.06245422363281,64.067272650884,63.39955633590938,63.56105824716516,100206400
2019-11-18,64.38548278808594,64.46502731928551,63.69365943729218,64.07210837908097,86703200
2019-11-19,64.19021606445312,64.60241598727268,63.97326912383115,64.57830913689737,76167200
2019-11-20,63.44297409057617,64.13961600947697,62.770431675643934,64.00945220507533,106234400
2019-11-21,63.15852355957031,63.640631274585225,62.958444738266365,63.56349227465166,121395200
2019-11-22,63.10307312011719,63.44054702045154,62.87648192495427,63.29832613946704,65325200
2019-11-25,64.20952606201172,64.22640160051589,63.281467077238176,63.327267906674514,84020400
2019-11-26,63.70811462402344,64.39993789385807,63.27662623675631,64.34690576047116,105207600
2019-11-27,64.56388092041016,64.59763200020568,63.95401479828985,64.01909670826173,65235600
2019-11-29,64.42164611816406,64.60243651886985,64.09622192561758,64.26496257549509,46617600
2019-12-02,63.67677307128906,64.66268223641534,63.50562693205221,64.4264468627075,94487200
2019-12-03,62.54141616821289,62.56069723689113,61.77968521879456,62.26661128399151,114430400
2019-12-04,63.09341812133789,63.471874346050804,62.83790168645125,62.931916197819106,67181600
2019-12-05,64.01908111572266,64.09381458044176,63.33208349753309,63.58760000147574,74424400
2019-12-06,65.25568389892578,65.32559157331079,64.43368941001637,64.4770846926847,106075600
2019-12-09,64.34207153320312,65.2773539234181,63.857551131523714,65.08451386193346,128042400
2019-12-10,64.71815490722656,65.10142973249006,64.08658749828341,64.74708019873606,90420400
2019-12-11,65.27014923095703,65.34970112214458,64.72295963208492,64.79768573812183,78756800
2019-12-12,65.43645477294922,65.70161539296117,64.43849598392988,64.54937865907041,137310400
2019-12-13,66.32595825195312,66.3621148543044,65.3087108196568,65.43646905221725,133587600
2019-12-16,67.46131896972656,67.68550461462198,66.76709014300219,66.77190857113695,128186000
2019-12-17,67.59388732910156,67.92171691942357,67.20578694097172,67.39140304865965,114158400
2019-12-18,67.4323959350586,67.95307308973534,67.28294373773436,67.44685857632358,116028400
2019-12-19,67.49988555908203,67.77950886281938,67.24196357196422,67.3745402255633,98369200
2019-12-20,67.36006927490234,68.13384985354818,67.14794077021222,68.03261138491365,275978000
2019-12-23,68.45928192138672,68.51954537378231,67.58425541558223,67.62282490788083,98572000
2019-12-24,68.52437591552734,68.67383548324801,68.19895910016623,68.62562177025686,48478800
2019-12-26,69.88391876220703,69.9007942963268,68.62803033131719,68.65695561473434,93121200
2019-12-27,69.85740661621094,70.86260446261116,69.45243789154644,70.17559948118166,146266000
2019-12-30,70.27200317382812,70.55403936484663,68.75336713216096,69.77543291987965,144114400
2019-12-31,70.78545379638672,70.79268511683624,69.78990032835488,69.88873327875099,100805600
2020-01-02,72.40052795410156,72.46079141879511,71.15668916006118,71.4097927692221,135480400
2020-01-03,71.69662475585938,72.45594269937853,71.47244650368873,71.62912999102163,146322800
2020-01-06,72.26793670654297,72.3065062028637,70.56851011431775,70.81920816221287,118387200
2020-01-07,71.92806243896484,72.53310260522755,71.70870255084994,72.27758611058375,108872000
2020-01-08,73.0851058959961,73.38642316119072,71.63155170295238,71.63155170295238,132079200
2020-01-09,74.63748931884766,74.83032941641996,73.81067654984861,74.06136720541696,170108400
2020-01-10,74.80622100830078,75.37029336253585,74.30483235122053,74.87131024106992,140644800
2020-01-13,76.40441131591797,76.43093105955663,75.00388930942306,75.12201067519445,121532000
2020-01-14,75.37269592285156,76.55145246560595,75.24976349452105,76.34173684913497,161954400
2020-01-15,75.04969787597656,76.05248268254357,74.61820946436237,75.17263768221467,121923600
2020-01-16,75.98981475830078,76.1007048279931,75.23049658770428,75.5920773695483,108829200
2020-01-17,76.83109283447266,76.83349837052724,75.93195936574989,76.23809509330889,137816400
2020-01-21,76.31040954589844,76.90098699093934,76.1730071029982,76.45986173724447,110843200
2020-01-22,76.5827865600586,77.13479440317133,76.48877205760677,76.79490770076272,101832400
2020-01-23,76.95162963867188,77.03117417903718,76.0886526637108,76.63584965719392,104472000
2020-01-24,76.7298355102539,77.93992295405599,76.5394009459346,77.1974804769854,146537600
2020-01-27,74.47357940673828,75.15334557711078,73.49248860994267,74.74114561147599,161940000
2020-01-28,76.58038330078125,76.75152944120848,75.25458738363722,75.35342032568062,162234000
2020-01-29,78.18339538574219,79.0294966511186,77.46987813568431,78.20991513135742,216229200
2020-01-30,78.07010650634766,78.1231386457578,76.83591201430718,77.26740045058162,126743200
2020-01-31,74.60856628417969,77.78324080814086,74.31448034488959,77.36139664518089,199588400
2020-02-03,74.40367126464844,75.56795795185045,72.85128411079334,73.35267280813538,173788400
2020-02-04,76.8599853515625,77.05041986317606,75.60168455282226,76.00665306459754,136616400
2020-02-05,77.48674774169922,78.28463523931488,76.88411323556181,77.98572352193352,118826800
2020-02-06,78.39312744140625,78.39554033416145,77.19991519206019,77.75674904636442,105425600
2020-02-07,77.32756042480469,78.1418387801139,76.83705999088563,77.89296432100895,117684000
2020-02-10,77.6948013305664,77.6948013305664,75.83428641741939,75.91401971596468,109348800
2020-02-11,77.2260513305664,78.26262851927434,77.00858949259958,78.19014369789785,94323200
2020-02-12,79.06001281738281,79.06484268174145,77.67549348632544,77.67549348632544,113730400
2020-02-13,78.49700927734375,78.82320573508036,78.12974054369347,78.3327054260137,94747600
2020-02-14,78.51634216308594,78.7652165546687,78.00892627887556,78.4655954129786,80113600
2020-02-18,77.07866668701172,77.25988612279623,76.01792538344428,76.19914481922879,152531200
2020-02-19,78.19497680664062,78.4245243735885,77.32029218115534,77.32029218115534,93984000
2020-02-20,77.39278411865234,78.4438584118609,76.88778679879077,77.9557766771897,100566000
2020-02-21,75.64097595214844,77.42901329626612,75.0248329307541,76.98683382307465,129554000
2020-02-24,72.04801940917969,73.49777501677713,69.8854717188165,71.82572767869755,222195200
2020-02-25,69.60758972167969,73.09908711151304,69.13642361597664,72.71732141374063,230673600
2020-02-26,70.7118148803711,71.9755209333374,69.22581713906433,69.23306562077462,198054800
2020-02-27,66.08951568603516,69.10500967174747,65.95420576749399,67.92104419759342,320605600
2020-02-28,66.05084991455078,67.27106508637516,61.94562839291094,62.160678974985316,426510000
2020-03-02,72.20023345947266,72.83571074634416,67.10434419306169,68.20615768991611,341397200
2020-03-03,69.90721130371094,73.45427795635602,69.05668336601278,73.37454464911569,319475600
2020-03-04,73.14984130859375,73.30931532822694,70.82781935536424,71.62760069893737,219178400
2020-03-05,70.7770767211914,72.37905058025478,70.41221917601806,71.40529829391956,187572800
2020-03-06,69.83715057373047,70.2696631046371,67.95247104471461,68.13852037839982,226176800
2020-03-09,64.3135757446289,67.19375264320037,63.54761831737935,63.72883776125021,286744800
2020-03-10,68.94554138183594,69.21133137729244,65.08677501833562,66.96421319736713,285290000
2020-03-11,66.55103302001953,67.95004932218703,65.68842661681832,67.02462518678024,255598800
2020-03-12,59.97880554199219,65.23900324323806,59.92323260860385,61.84174314573799,418474000
2020-03-13,67.16477966308594,67.63595331366125,61.11929609741494,64.00431482060526,370732000
2020-03-16,58.52420425415039,62.60042786023226,57.99020945319157,58.4613791676151,322423600
2020-03-17,61.09751892089844,62.245238140623194,57.60360714495798,59.80481901443847,324056000
2020-03-18,59.60186767578125,60.406482464640554,57.29433930824816,57.93465023452481,300233600
2020-03-19,59.14518737792969,61.09269153777121,58.62085961850456,59.77583112302971,271857200
2020-03-20,55.39033126831055,60.84866031438535,55.09071377836536,59.72509749228031,401693200
2020-03-23,54.21359634399414,55.211512386638695,51.372077383902344,55.11002996166237,336752800
2020-03-24,59.652610778808594,59.848327192203485,56.61295613694801,57.110704962845915,287531200
2020-03-25,59.323997497558594,62.399894457247456,59.029213577289134,60.58770003932158,303602000
2020-03-26,62.445804595947266,62.503792458271775,59.52696298189895,59.565624014727966,252087200
2020-03-27,59.86040496826172,61.82482113234886,59.69368249851185,61.07094946417779,204216800
2020-03-30,61.56869888305664,61.74025490515105,60.2615017965214,60.5852833250574,167976400
2020-03-31,61.44305419921875,63.424386025978244,60.88973245903772,61.75958725464871,197002000
2020-04-01,58.2100944519043,60.09719207609643,57.78000065964953,59.56078230159109,176218400
2020-04-02,59.181434631347656,59.23459262853542,57.241178794751,58.07237254686632,165934000
2020-04-03,58.33091354370117,59.3674871060243,57.741345715951596,58.66677342106095,129880000
2020-04-06,63.419532775878906,63.57416947483236,60.25665150211028,60.62392011423058,201820400
2020-04-07,62.685001373291016,65.64975569191732,62.58110401279755,65.43228649705053,202887200
2020-04-08,64.2894058227539,64.6035165473233,63.1199373363336,63.48478743589154,168895200
2020-04-09,64.75332641601562,65.25591244712727,63.95838246710248,64.9248861243381,161834800
2020-04-13,66.02428436279297,66.13301897916537,64.23141674512242,64.8306516969401,131022800
2020-04-14,69.35871887207031,69.64867293181604,67.1840855454915,67.6552590491188,194994800
2020-04-15,68.72566986083984,69.18475770892147,67.8074941646766,68.23516945822269,131154400
2020-04-16,69.271728515625,69.63658597716727,68.22307301485074,69.43845097329417,157125200
2020-04-17,68.33180236816406,69.33455576393993,66.89654391550201,68.78847886393716,215250000
2020-04-20,66.9134750366211,68.06119834153615,66.89414820439593,67.15993823398618,130015200
2020-04-21,64.84513854980469,66.99077762058634,64.1347578473476,66.75640021366904,180991600
2020-04-22,66.7129135131836,67.14783719048366,65.77057396314187,66.11125999851906,116862400
2020-04-23,66.45436096191406,68.07808706003861,66.41569993888298,66.6573258024501,124814400
2020-04-24,68.37287902832031,68.38254612868516,66.93037215656294,66.97870028455014,126161200
2020-04-27,68.42121124267578,68.75223755503086,67.64317552817161,68.09017755648323,117087600
2020-04-28,67.31214141845703,69.06392923095741,67.22032976851494,68.88270980207805,112004800
2020-04-29,69.52304077148438,69.9917957281478,68.5951979613223,68.79816288474782,137280800
2020-04-30,70.98970031738281,71.16608991336996,69.67284332982524,70.06185756526263,183064000
2020-05-01,69.84680938720703,72.24615310349837,69.06877359729275,69.16542249456992,240616800
2020-05-04,70.83506774902344,70.96312921364829,69.18234705743826,69.87098252239187,133568000
2020-05-05,71.89820098876953,72.72939466051092,71.1491592367676,71.2941362490643,147751200
2020-05-06,72.63997650146484,73.27061639611065,72.21471266904338,72.59889686471877,142333600
2020-05-07,73.39147186279297,73.7370026138725,72.96379653826914,73.26582900938926,115215200
2020-05-08,75.13829803466797,75.19159993074032,73.72338371341871,74.05046319414457,133838400
2020-05-11,76.32061767578125,76.81486350373997,74.4380975285037,74.64646215282984,145946400
2020-05-12,75.44841003417969,77.45448798811958,75.32727004325628,77.00384337710936,162301200
2020-05-13,74.53742980957031,76.54835795686193,73.46170617265714,75.6276896528906,200622400
2020-05-14,74.9953384399414,75.0559084279637,73.05467365769209,73.77667057668484,158929200
2020-05-15,74.5519790649414,74.59801285788724,72.73487900802405,72.76880175811006,166348400
2020-05-18,76.30850219726562,76.68161544536761,75.18432690881329,75.87482634655969,135178400
2020-05-19,75.86756896972656,77.17102926581177,75.83607138413613,76.32547436249678,101729600
2020-05-20,77.34304809570312,77.41330397310716,76.68646396339064,76.72522965116472,111504800
2020-05-21,76.76642608642578,77.74523944094076,76.52898900422082,77.204952332668,102688800
2020-05-22,77.26065063476562,77.34302492393184,76.40297760999306,76.50473104034091,81803200
2020-05-26,76.73736572265625,78.55688393734103,76.68163864733704,78.3775990597584,125522000
2020-05-27,77.07169342041016,77.21706291080646,75.85545038481993,76.59440888025136,112945200
2020-05-28,77.1056137084961,78.36304756047794,76.47084126097369,76.74703662948228,133560800
2020-05-29,77.03050231933594,77.80821903420895,76.67435043039059,77.34788852176631,153532400
2020-06-01,77.97782897949219,78.09896899425175,76.85364609349955,76.9844793797038,80791200
2020-06-02,78.33880615234375,78.36303562857958,77.27035057638682,77.71130190496551,87642800
2020-06-03,78.77007293701172,79.03173947926652,78.08684155798949,78.65862620653965,104491200
2020-06-04,78.09170532226562,78.89122650754646,77.71859198536116,78.59322678635277,87560400
2020-06-05,80.31580352783203,80.37637351540958,78.31215100053369,78.34122341156335,137250400
2020-06-08,80.79067993164062,80.82460267780965,79.30308470158906,80.01296326734492,95654400
2020-06-09,83.34190368652344,83.734396145206,80.43939371025141,80.47089129660488,147712400
2020-06-10,85.48607635498047,85.95367499163955,83.8506863159115,84.28921253488384,166651600
2020-06-11,81.3818359375,85.05480096655532,81.2800824962617,84.63081104253492,201662400
2020-06-12,82.08445739746094,84.26497730063338,80.97481830000675,83.51875818704126,200146000
2020-06-15,83.099609375,83.75134312369018,80.57747385342842,80.73980469603605,138808800
2020-06-16,85.30194091796875,85.57330073439438,83.51876362996565,85.15172849785749,165428800
2020-06-17,85.18323516845703,86.10632149459083,85.062095153019,86.04575148687181,114406400
2020-06-18,85.21712493896484,85.63384672653369,84.6089999308216,85.13959358458067,96820400
2020-06-19,84.73017120361328,86.38736569840516,83.62294970746999,85.92219218783181,264476000
2020-06-22,86.94701385498047,87.08995815364833,85.07661214341427,85.12264593038505,135445200
2020-06-23,88.8028793334961,90.22021867227018,87.77076426941889,88.18991128978877,212155600
2020-06-24,87.2353515625,89.3504589965406,86.86223822656589,88.43221556465996,192623200
2020-06-25,88.39344024658203,88.43220593644023,86.63206719010891,87.39040482402382,137522400
2020-06-26,85.67745971679688,88.50971291769464,85.52966510284091,88.2892372764143,205256800
2020-06-29,87.65204620361328,87.74653893980732,85.10810654900735,85.58539837995676,130646000
2020-06-30,88.38372802734375,88.66962400453063,87.22078715611465,87.24016629998945,140223200
2020-07-01,88.21656036376953,89.00397030229519,88.16810880383152,88.46126551068063,110737200
2020-07-02,88.21656036376953,89.75746488824406,88.10269587070599,89.12269252080957,114041600
2020-07-06,90.57637786865234,91.04397648582848,89.61210082402599,89.6435984064739,118655600
2020-07-07,90.29534149169922,91.73206023970783,90.18389475245895,90.95434344364946,112424400
2020-07-08,92.39832305908203,92.42982064230873,91.18449788463136,91.27172253001288,117092000
2020-07-09,92.79566955566406,93.34321735378231,91.74901813164107,93.28991545550893,125642800
2020-07-10,92.9580078125,93.01616005228612,91.78053031848602,92.39107338273767,90257200
2020-07-13,92.5291519165039,96.86838742692706,92.31594434218474,94.26145236714936,191649200
2020-07-14,94.06037902832031,94.25177492913492,90.9785767404952,91.91134894412532,170989200
2020-07-15,94.7072525024414,96.18273684605151,93.51038868590005,95.93318873658312,153198000
2020-07-16,93.54187774658203,94.39712579079603,92.94344589283693,93.58064343111674,110577600
2020-07-17,93.35289764404297,94.14757567538506,92.88044872986721,93.99252033438566,92186800
2020-07-20,95.3202133178711,95.45831468469305,93.09608481622666,93.44012565034129,90318000
2020-07-21,94.00462341308594,96.18514302833793,93.75507535287011,96.11003683309417,103433200
2020-07-22,94.26873779296875,94.94954409881868,93.61942907463074,93.70664633807918,89001600
2020-07-23,89.97794342041016,94.0797418561393,89.16872914510222,94.00221048521436,197004400
2020-07-24,89.7550277709961,90.09906855159667,86.39218089831441,88.1777903319354,185438800
2020-07-27,91.88227081298828,91.97433840198715,90.59334674840196,90.81624022237884,121214000
2020-07-28,90.37285614013672,91.63028980605597,90.3680058085899,91.45342276195278,103625600
2020-07-29,92.10518646240234,92.2893216699513,90.81867996372323,90.8550204931604,90329200
2020-07-30,93.21965789794922,93.32383652649061,90.87196403764284,91.27899267505967,158130000
2020-07-31,102.97869110107422,103.12890351490226,97.7115189842411,99.7079111699714,374336800
2020-08-03,105.5735092163086,108.19013023936542,104.56078059833798,104.85878026409463,308151200
2020-08-04,106.2785415649414,107.36880152265259,105.04048696818748,105.76248400195036,173071600
2020-08-05,106.66376495361328,106.98357631299436,105.53473931977294,105.99992015103618,121776800
2020-08-06,110.38517761230469,110.87943083941089,106.40694450020551,106.995683074286,202428800
2020-08-07,107.87549591064453,110.36334336865978,107.07938502036484,109.90703455219526,198045600
2020-08-10,109.44343566894531,110.46041967667294,106.79539443179243,109.31964772784534,212403600
2020-08-11,106.18860626220703,109.20557448641424,105.92889749318043,108.70800797992307,187902400
2020-08-12,109.71769714355469,109.97497634209523,107.08421855500417,107.27838901940625,165598000
2020-08-13,111.65945434570312,112.66187605488997,110.60848630688241,111.096349513322,210082000
2020-08-14,111.5599365234375,111.64974056440289,109.75169319709691,111.48469489954057,165565200
2020-08-17,111.2686767578125,112.70556367842538,110.64247058340116,112.68129051352851,119561600
2020-08-18,112.19584655761719,112.62060097941455,110.68614768785797,111.02109807418744,105633600
2020-08-19,112.33662414550781,113.74923783578949,112.24196843606359,112.60361413274605,145538000
2020-08-20,114.82933807373047,114.94341528440668,112.36090456064325,112.37789651709356,126907200
2020-08-21,120.74676513671875,121.22976923366335,115.77592204362502,115.78805492165831,338054800
2020-08-24,122.1909408569336,125.03316047656546,120.32687724435412,124.94820069131609,345937600
2020-08-25,121.1884994506836,121.53316057768988,119.46763816827539,121.06471891526844,211495600
2020-08-26,122.8365478515625,123.29285663343889,121.43849667426107,122.50402701142234,163022400
2020-08-27,121.36813354492188,123.77102883487844,120.22493186903937,123.43850794155522,155552400
2020-08-28,121.17151641845703,122.75887903183632,120.9482136928383,122.34140581995463,187630000
2020-08-31,125.28070068359375,127.18360697027765,122.32927082637391,123.86324282555849,225702700
2020-09-01,130.27099609375,130.87294402694218,126.72733558856538,128.89236599971812,151948100
2020-09-02,127.57195281982422,133.96026120747115,123.30014277535787,133.5816235663219,200119000
2020-09-03,117.35844421386719,125.08654753719104,116.98951728236517,123.21278063679146,257599600
2020-09-04,117.43611145019531,120.09628586271513,107.65947772486805,116.57204011831335,332607200
2020-09-08,109.53327178955078,115.52352252708134,109.39735093120817,110.63034940535363,231366600
2020-09-09,113.90213775634766,115.66911573534202,111.90215372713668,113.8438880955757,176940500
2020-09-10,110.18372344970703,116.98950502781075,109.22256693467808,116.85358420375128,182274400
2020-09-11,108.73715209960938,111.87305715590524,106.79541724068777,111.2322810970384,180860300
2020-09-14,111.9992446899414,112.55263871695288,109.51382694155708,111.37789025284532,140150100
2020-09-15,112.17399597167969,115.36814991421778,110.300221999526,114.88271631943319,184642000
2020-09-16,108.86331939697266,112.62057753830805,108.77594491809701,111.87301317068136,154679000
2020-09-17,107.12548065185547,108.93129419191115,105.54296982143195,106.52354774325607,178011000
2020-09-18,103.72745513916016,107.64975978247199,102.99930468969426,107.18374764280628,287104900
2020-09-21,106.87309265136719,106.97988866541388,100.09643446582953,101.49448598998192,195713800
2020-09-22,108.55268096923828,109.57209469594426,105.97988830045438,109.39733826871267,183055400
2020-09-23,103.99931335449219,108.84393936425928,103.65950385577868,108.36821643604246,150718700
2020-09-24,105.06726837158203,107.03812795513899,101.94107424298952,102.10611991881453,167743300
2020-09-25,109.00897979736328,109.16432212155291,104.53328092968297,105.27114215532431,149981400
2020-09-28,111.61090850830078,111.96042134324223,109.49441741099088,111.65945483814875,137672400
2020-09-29,110.7662353515625,111.95069452133387,110.26138766643038,111.21284078207377,99382200
2020-09-30,112.4361572265625,113.84391947599966,110.30996254389598,110.47500823299629,142675200
2020-10-01,113.3875961303711,114.29050304173128,112.45556438431055,114.2128318777771,116120400
2020-10-02,109.7274398803711,112.0089843955101,108.95075033675728,109.60122977390576,144712000
2020-10-05,113.1060562133789,113.25168781010125,110.24200024207266,110.59151311135399,106243800
2020-10-06,109.86333465576172,112.73710064616577,108.97984195840537,112.32933079739347,161498200
2020-10-07,111.72740936279297,112.18371817362878,110.80508099423795,111.28081129884058,96849000
2020-10-08,111.62061309814453,113.00895361392693,111.25167878876417,112.86332203954677,83477200
2020-10-09,113.56233978271484,113.59146461414193,111.57205902106843,111.9215718124515,100506900
2020-10-12,120.77590942382812,121.5331848318952,115.80506553004969,116.56234093811678,240226800
2020-10-13,117.57202911376953,121.73705073964729,116.16427448485399,121.62054399652054,262330500
2020-10-14,117.65941619873047,119.44580856247916,116.13515475963598,117.4749490324475,150712000
2020-10-15,117.1933822631836,117.66910513115165,114.70796452850907,115.26135855246798,112559200
2020-10-16,115.5526123046875,118.00891257285697,115.34873107903783,117.74677427764382,115393800
2020-10-19,112.6011734008789,116.91181843671082,112.29049621444842,116.46522044416251,120639300
2020-10-20,114.08661651611328,115.513792607474,112.2613812832418,112.81477533834804,124423700
2020-10-21,113.46525573730469,115.25164788351834,113.05748587164362,113.27107784719725,89946000
2020-10-22,112.37788391113281,114.60117079702067,111.2516743484804,114.02835526922215,101988000
2020-10-23,111.6885757446289,113.15458745033783,110.95071451824744,112.99924512599237,82572600
2020-10-26,111.69828796386719,113.15458894171616,109.59150025316038,110.688585063703,111850700
2020-10-27,113.203125,113.86331505621116,111.20314074462335,112.12546171107986,92276800
2020-10-28,107.96044158935547,112.06721355762778,107.863356340069,111.6982866474873,143937800
2020-10-29,111.96040344238281,113.52350020230705,108.93129515957777,109.09634821039327,146129200
2020-10-30,105.6886215209961,108.72743369464578,104.58183332192213,107.82452675254544,190272600
2020-11-02,105.60122680664062,107.45558679697702,104.19347226654686,105.93132552110745,122866900
2020-11-03,107.22258758544922,108.24199381190596,105.56240538196562,106.46531227233,107624400
2020-11-04,111.6011962890625,112.22255078584597,109.07694271998845,110.81479612438059,138235500
2020-11-05,115.56233978271484,116.1351553723964,113.46527015302647,114.51380126430563,126387100
2020-11-06,115.43106079101562,115.92705207680842,112.94134718075708,115.07121742885344,114457900
2020-11-09,113.12611389160156,118.64042665215963,112.86353074963101,117.19134078148167,154515300
2020-11-10,112.78572845458984,114.36124218625869,110.99624681601809,112.37726248118744,138023400
2020-11-11,116.20907592773438,116.34523125447596,113.24282640096855,113.97223311704505,112295000
2020-11-12,115.9367446899414,117.22049998551182,115.31431832965924,116.33549051882304,103162300
2020-11-13,115.98541259765625,116.3841511366973,114.63357920983941,116.16047053233304,81581900
2020-11-16,116.99684143066406,117.66789057082231,114.90587400574458,115.65472831052979,91183000
2020-11-17,116.11183166503906,117.35668469756249,115.69363815380922,116.26744200405916,74271000
2020-11-18,114.78915405273438,116.53000547162844,114.7599789740788,115.35323030643576,76322100
2020-11-19,115.38241577148438,115.7908817492475,113.60266161420516,114.36124340716778,74113000
2020-11-20,114.11811065673828,115.50884645150772,114.0694879933699,115.3824186228592,73604300
2020-11-23,110.72393798828125,114.39042656864258,110.62668524347754,113.96250558761568,127959300
2020-11-24,112.0076904296875,112.66901946402936,109.49852961528087,110.78229252304031,113874200
2020-11-25,112.84407806396484,113.54430968345936,112.00769112066959,112.37726193090761,76499200
2020-11-27,113.38871002197266,114.26399962865095,113.02887409805055,113.36926243956174,46691300
2020-11-30,115.7811508178711,117.64843004399634,113.60265096748358,113.75826127961471,169410200
2020-12-01,119.35037994384766,120.0797865936806,116.71479147284033,117.68733367261757,127728200
2020-12-02,119.70051574707031,119.98255392256038,117.57064559900594,118.66961579736986,89004200
2020-12-03,119.56433868408203,120.3812705585125,118.85437962376297,120.12840751265676,78967600
2020-12-04,118.8932876586914,119.4865390127896,118.18332856578574,119.23367595532766,78260400
2020-12-07,120.35211181640625,121.14959622013072,118.89329833984375,118.95164850453536,86712000
2020-12-08,120.96479797363281,121.54832923828494,119.71021762648395,120.95507789382133,82225500
2020-12-09,118.43618774414062,122.49168693103906,117.67760601650876,121.11067878997038,115089200
2020-12-10,119.85609436035156,120.46880067316184,116.85094263147249,117.19133090530717,81312200
2020-12-11,119.04890441894531,119.38929273400028,117.23997517904313,119.0683519998447,86939800
2020-12-14,118.43618774414062,119.96307869896347,118.20277969407886,119.23367205010081,79184500
2020-12-15,124.36869812011719,124.3881531199314,120.72166474533367,120.92589772393254,157243700
2020-12-16,124.30062866210938,124.84524997430788,123.08495079030278,123.91161767905837,98208600
2020-12-17,125.16620635986328,126.02204843734285,124.52432480175362,125.36071187570329,94359800
2020-12-18,123.18219757080078,125.55520289308356,122.65702389685748,125.41904757982878,192541500
2020-12-21,124.70909118652344,124.78689634893868,120.06034032088816,121.5872313887212,121251600
2020-12-22,128.2588653564453,130.71939584455194,126.09008564573021,127.99627481697722,168904800
2020-12-23,127.36414337158203,128.79376686890285,127.18907804467862,128.53119113827395,88223700
2020-12-24,128.34637451171875,129.79546749710363,127.50026768364367,127.71422812013846,54930100
2020-12-28,132.9368133544922,133.56895993255333,129.84412103088945,130.3109520335808,124486200
2020-12-29,131.16677856445312,134.97914269594398,130.6513323196226,134.25947087325437,121047300
2020-12-30,130.04832458496094,132.25599920161764,129.7371040047212,131.85725339811574,96452100
2020-12-31,129.046630859375,131.04034539862676,128.10326370918978,130.39846396533886,99116600
2021-01-04,125.856689453125,129.9413637183322,123.27945114345249,129.85383848203446,143301900
2021-01-05,127.41273498535156,128.12270140194101,124.90357459038079,125.35095048522051,97664900
2021-01-06,123.12385559082031,127.45167334436817,122.90989509434218,124.21310565475042,155088000
2021-01-07,127.32524871826172,128.01576034902203,124.34927136052875,124.83554255858496,109578200
2021-01-08,128.42422485351562,128.98830121735807,126.65419059044255,128.79378086858412,105158200
2021-01-11,125.43850708007812,126.59583484109754,124.97169091120101,125.64274750135974,100384500
2021-01-12,125.26344299316406,126.12900498980764,123.3767086805256,124.97167735433455,91951100
2021-01-13,127.29607391357422,127.84069528222409,124.96197809369782,125.22455385655589,88636800
2021-01-14,125.37041473388672,127.40302430824103,125.22452450445344,127.2085188421458,90221800
2021-01-15,123.6490249633789,126.64445696844105,123.51286963768597,125.2439937099894,111598500
2021-01-19,124.3200912475586,125.17593327026417,123.45452914361996,124.27146116175601,90757300
2021-01-20,128.4047393798828,128.85211530015263,125.02029683978466,125.127277070296,104319500
2021-01-21,133.1118621826172,135.83498363825382,129.9219245699571,130.12616498605254,120150900
2021-01-22,135.25146484375,136.01004665089906,131.31266555904966,132.53806351525557,114459400
2021-01-25,138.9957275390625,141.1061423033731,132.79090363932372,139.14161777095364,157611700
2021-01-26,139.22915649414062,140.3378541007655,137.48829750104505,139.65707747210416,98390600
2021-01-27,138.15931701660156,140.33781648420387,136.5546286191812,139.49169483554834,140843800
2021-01-28,133.3258056640625,138.09127131319642,132.94651480242143,135.68909090953088,142621100
2021-01-29,128.33668518066406,132.98543606950525,126.63473619885515,132.10041903740844,177523800
2021-02-01,130.45681762695312,131.66277536673383,127.3349504556567,130.07752674070377,106239800
2021-02-02,131.28346252441406,132.5672103709399,130.9138917801982,132.00313417601586,83305400
2021-02-03,130.26229858398438,132.0420525079875,129.94135789213308,132.03231758895785,89880900
2021-02-04,133.61758422851562,133.6273043090521,130.8944628567243,132.55751669715318,84183100
2021-02-05,133.20362854003906,133.8464691818489,132.32703847356598,133.77829722031976,75693800
2021-02-08,133.3497314453125,133.39843419416206,131.411474992241,132.49261062393538,71297200
2021-02-09,132.47311401367188,134.29449558670797,132.3172860388913,133.06725182462114,76774200
2021-02-10,131.86924743652344,133.42764614924684,130.9049865610518,132.93089894279558,73046600
2021-02-11,131.61605834960938,132.84328771791823,130.29142345565842,132.36602442146648,64280000
2021-02-12,131.84976196289062,132.00560480490336,130.2134567077312,130.85629728454018,60145100
2021-02-16,129.7264862060547,132.4731462786685,129.33687901923372,131.96667922879305,80576300
2021-02-17,127.43754577636719,128.78166409146453,126.103176926271,127.83688742969167,97918500
2021-02-18,126.33697509765625,126.61942728077476,124.09678225798234,125.8402278328021,96856700
2021-02-19,126.4927978515625,127.31096541209789,125.45063033694109,126.85318631272438,87668800
2021-02-22,122.72344207763672,126.34670679460257,122.33384236261952,124.68116782712916,103916400
2021-02-23,122.58706665039062,123.41496128803965,115.3113195259661,120.54167771296495,158273000
2021-02-24,122.09033966064453,122.29487783267318,119.05147832650884,121.69100535268275,111039900
2021-02-25,117.84371948242188,123.17147632846172,117.40542445743719,121.43776543888308,148199500
2021-02-26,118.10671997070312,121.60336094633784,118.04827517596726,119.40212859655537,164560400
2021-03-01,124.46691131591797,124.60327011935185,119.59693281900122,120.53196779868955,116307900
2021-03-02,121.8663330078125,125.3727157063762,121.75919289657611,125.07077944616279,102260900
2021-03-03,118.88590240478516,122.44098788620711,118.67162218049718,121.56439034639122,112966300
2021-03-04,117.00608825683594,120.38585416346811,115.53536025738819,118.58396379730593,178155000
2021-03-05,118.26254272460938,118.76902459264008,114.51266119025206,117.8339897181949,153766600
2021-03-08,113.33413696289062,117.85347628547363,113.18803612592406,117.78529688568887,154376600
2021-03-09,117.9411392211914,118.88591626698833,115.70095350378406,115.93471039799229,129525800
2021-03-10,116.8599853515625,118.99303047984385,116.34376148572666,118.52551679323263,111943300
2021-03-11,118.78849792480469,120.00599237807343,118.10670400337277,119.35341713456053,103026500
2021-03-12,117.8826904296875,118.01904922400895,116.0613233493951,117.26907585524096,88105100
2021-03-15,120.76570129394531,120.77544332973144,117.28853761790177,118.25279852383531,92403800
2021-03-16,122.30461883544922,123.91171295180644,121.47672411823375,122.43123557963636,115227900
2021-03-17,121.51567840576172,122.58707194968112,119.15860369194408,120.82414250531377,111932600
2021-03-18,117.39569091796875,119.97678079779097,117.19115272943903,119.68457913932171,121229700
2021-03-19,116.8697280883789,118.27228410779664,116.56779183514182,116.7820720526636,185549500
2021-03-22,120.18131256103516,120.64883370339138,117.13270910784668,117.20088850037816,111912300
2021-03-23,119.35343170166016,121.00922138779639,118.96383194286418,120.12288918175794,95467100
2021-03-24,116.96713256835938,119.7040653634643,116.94765592524341,119.62614392900645,88530500
2021-03-25,117.4541244506836,118.49630686413842,115.9054750318424,116.43143354135354,98844700
2021-03-26,118.05801391601562,118.32099690748782,115.82756294666447,117.22037704784019,94071200
2021-03-29,118.23331451416016,119.3923715504468,117.59048134086395,118.48655542775977,80819200
2021-03-30,116.78206634521484,117.26906411360106,115.76911009525196,116.98660451621751,85671900
2021-03-31,118.97357177734375,120.3079410804402,117.9995761138878,118.48657394561577,118323800
2021-04-01,119.80145263671875,120.95076768283118,119.30471282559485,120.44429326652572,75089100
2021-04-05,122.62602233886719,122.8792632235307,119.86961357359316,120.64881286594463,88651200
2021-04-06,122.927978515625,123.82405264578033,122.38254338092113,123.21043811923847,80171300
2021-04-07,124.57402038574219,124.59349702523619,121.88579084483872,122.55785008781349,83466700
2021-04-08,126.97005462646484,126.99927330265552,125.17790646414029,125.59671739753477,88844600
2021-04-09,129.54141235351562,129.58036563750287,126.1032091394081,126.42462946477704,106686700
2021-04-12,127.82720184326172,129.3953355248616,127.2330638679476,129.0739151583479,91420000
2021-04-13,130.93423461914062,131.15826433043802,128.49924537282473,128.99599269074992,91266500
2021-04-14,128.5966033935547,131.48937073876672,128.2362298740332,131.43093339635666,87222800
2021-04-15,131.00242614746094,131.48942401418012,130.16478922222413,130.34011618248067,89347100
2021-04-16,130.67124938964844,131.16798178060714,129.81412853121648,130.8076081751269,84922400
2021-04-19,131.3335418701172,131.94716375459052,129.87254870669761,130.03812614844625,94264200
2021-04-20,129.64852905273438,132.00559615119002,128.3823320528723,131.5088638445784,94812300
2021-04-21,130.0283966064453,130.27189547649485,127.88560952240783,128.91804235349915,68847100
2021-04-22,128.5089874267578,130.66150947358742,127.99277092528317,129.58037371612286,84566500
2021-04-23,130.82708740234375,131.60627194079382,128.72325347974677,128.72325347974677,78657500
2021-04-26,131.2166748046875,131.54782970744535,130.0868364590517,131.32381490404939,66905100
2021-04-27,130.89523315429688,131.8887125625008,130.62251564804316,131.49910550928877,66015800
2021-04-28,130.10633850097656,131.50889459107745,129.61934068424674,130.81735115204378,107760100
2021-04-29,130.00889587402344,133.50555049492985,129.00568184694694,132.9211473369093,151101000
2021-04-30,128.04147338867188,130.08685531571498,127.66161568350715,128.35314426527148,109839500
2021-05-03,129.09336853027344,130.58359545105438,128.401839986388,128.60637073689202,75135100
2021-05-04,124.52532196044922,128.07067238199318,123.40522566029897,127.77847076247717,137564700
2021-05-05,124.76883697509766,127.05771762012843,124.64221279666873,125.84022317213565,84000900
2021-05-06,126.3662109375,126.37594554444907,123.82407406523244,124.5643128982338,78128300
2021-05-07,127.03937530517578,128.0637957522919,126.3271401858517,127.66379062246624,78973300
2021-05-10,123.76121520996094,126.38570894939902,123.72218831224927,126.25888455817044,88071200
2021-05-11,122.84410095214844,123.19532812082859,119.78055295740043,120.49278076667929,126142800
2021-05-12,119.7805404663086,121.60500854306753,119.27320577012671,120.39520469554279,112172300
2021-05-13,121.92696380615234,123.07823093502375,121.23425330099667,121.5464609574558,105861300
2021-05-14,124.3465805053711,124.7758688561986,122.78554210729591,123.17580356771927,81918000
2021-05-17,123.19530487060547,123.83923735283338,122.12209151050999,123.73191527246206,74244600
2021-05-18,121.80989074707031,123.89778097564653,121.7415955505699,123.47825121325309,63342900
2021-05-19,121.65380096435547,121.87819629608094,119.86835967667767,120.16105765432343,92612000
2021-05-20,124.20999145507812,124.61001150333645,122.05380598133526,122.1806452374261,76857100
2021-05-21,122.37577819824219,124.8831983677244,122.16113401006866,124.70758107227505,79295400
2021-05-24,124.00511169433594,124.82466155300955,122.87336158160026,122.94165678285485,63092900
2021-05-25,123.80997467041016,125.19540319531397,123.24409593795775,124.70757079826137,72009500
2021-05-26,123.76121520996094,124.28806716363906,123.34168536408502,123.86853731776313,56575900
2021-05-27,122.22943878173828,124.53197352741631,122.03431174645816,123.36119642849698,94625600
2021-05-28,121.57575225830078,122.73677818956268,121.51721563777299,122.51237540484098,71311100
2021-06-01,121.25376892089844,122.29771402080185,120.92205152635813,122.03429182182089,67637100
2021-06-02,122.01478576660156,122.19040306312083,121.02938463288338,121.253779962891,59278900
2021-06-03,120.53178405761719,121.80988298653327,120.13176404387289,121.64402429754462,76229200
2021-06-04,122.8245849609375,123.08801464449839,120.83425795335646,121.04890215666704,75169300
2021-06-07,122.83431243896484,123.24408357226714,121.79036744110383,123.09773461219709,71057600
2021-06-08,123.65388488769531,125.33201160333881,123.13679155370112,123.51729447658813,74403800
2021-06-09,124.03438568115234,124.63929137968418,123.43923856713752,124.11243947005046,56877900
2021-06-10,123.03922271728516,125.06857651400928,122.87336400291547,123.9270603510902,71186400
2021-06-11,124.2490234375,124.33683580636276,123.02946096276283,123.44899075181716,53522400
2021-06-14,127.30281829833984,127.36135492119467,123.97585539548058,124.70759295564363,96906500
2021-06-15,126.48323059082031,127.4198608834034,126.23931815795562,126.77592848770462,62746300
2021-06-16,126.9808349609375,127.70282128290683,125.33199905171192,127.19547914078684,91815000
2021-06-17,128.58090209960938,129.32240559947226,126.49301177385304,126.63936820067508,96721700
2021-06-18,127.28327178955078,128.30769210804172,127.06862765550436,127.52718422485502,108953300
2021-06-21,129.07852172851562,129.1858438437529,126.06376624672313,127.12722136946698,79663300
2021-06-22,130.71759033203125,130.8151612925248,128.41505560442437,128.91264666080772,74783600
2021-06-23,130.4443817138672,131.04929474301073,129.98582509428016,130.51268434910727,60214200
2021-06-24,130.1614227294922,131.3614676245749,129.6931001810235,131.1760918100434,68711000
2021-06-25,129.86875915527344,130.6297648884673,129.57606120699057,130.2102425761428,70783700
2021-06-28,131.4981231689453,131.95667992046137,130.10295063063353,130.16148725640332,62111300
2021-06-29,133.01036071777344,133.16646828417475,131.07857796707717,131.51761747124857,64556100
2021-06-30,133.62503051757812,134.0640700400228,132.56156070353867,132.8542586809143,63261400
2021-07-01,133.92750549316406,133.98604212249344,132.45426418125246,133.27382165358517,52485800
2021-07-02,136.55198669433594,136.59100614570704,134.39579354693674,134.54213509862615,78852600
2021-07-06,138.56182861328125,139.6643030810213,136.65931393358588,136.65931393358588,108181800
2021-07-07,141.0497283935547,141.3619286538461,139.1862333107396,140.04479519196917,104911600
2021-07-08,139.75209045410156,140.5521155930635,137.2446631833098,138.13250812343543,105575500
2021-07-09,141.57655334472656,142.1033977245654,139.17644811221814,139.27401905419063,99890800
2021-07-12,140.98143005371094,142.75712026323748,140.49360503622404,142.64979816390084,76299700
2021-07-13,142.09364318847656,143.8693330567253,140.13259235448814,140.52284633857775,100827100
2021-07-14,145.51817321777344,145.92795926693185,144.08396670742601,144.49375275658443,127050800
2021-07-15,144.86448669433594,146.34747864637848,143.50833398770226,145.6059901139749,106820300
2021-07-16,142.82537841796875,146.11331359035626,142.32780236268064,144.84498071759424,93251400
2021-07-19,138.98133850097656,140.56190161268026,138.2203326975493,140.24968646910114,121434600
2021-07-20,142.5912322998047,143.5181116494979,139.47892150687957,139.9667464752501,96350000
2021-07-21,141.8594970703125,142.57173225410514,141.10825732605966,141.9863363279922,74993500
2021-07-22,143.2254180908203,144.59132208932277,142.25951926436974,142.38635852395822,77338200
2021-07-23,144.9425506591797,145.09865822031367,143.34248537564744,143.95714959308972,71447400
2021-07-26,145.36209106445312,146.18163344756866,144.10349429509156,144.6596219111436,72434100
2021-07-27,143.1961669921875,145.57675557902394,142.00587269876928,145.48893575716545,104818600
2021-07-28,141.44972229003906,143.39127100475073,139.06913408549428,141.28386358886817,118931200
2021-07-29,142.09364318847656,142.98148812260095,141.0594567321274,141.16677881083731,56699500
2021-07-30,142.30828857421875,142.7668451974614,140.60090132642787,140.8643309559415,70440600
2021-08-02,141.97659301757812,143.37176538004852,141.71316334757606,142.79613544954273,62880000
2021-08-03,143.7717742919922,144.43520909857267,141.64484970305608,142.2595139229218,64786600
2021-08-04,143.3717803955078,144.19132291330385,142.71809660960577,143.68399557594776,56368300
2021-08-05,143.4790802001953,144.24008597517638,142.61075233452527,143.40102641721816,46397700
2021-08-06,142.79510498046875,143.74290453377364,142.29678337483543,143.0003050001657,54126800
2021-08-09,142.74624633789062,143.34228507821692,142.18930041536296,142.8537292225246,48908700
2021-08-10,142.26748657226562,144.32919310328901,141.9743500451473,143.0882569205625,69023100
2021-08-11,142.52151489257812,143.36183156118472,142.19906623850963,142.70716850336376,48493500
2021-08-12,145.48216247558594,145.6385039280885,142.50196876649986,142.84396383015653,72282600
2021-08-13,145.68736267089844,146.01957707570978,144.8763581583002,145.56033337689462,59375000
2021-08-16,147.6611328125,147.72953779617734,143.117568833467,145.1401825389347,103296000
2021-08-17,146.75241088867188,148.20829780218608,145.67758203815535,146.79148879708086,92229700
2021-08-18,143.0100860595703,147.27029417589944,142.80488601790597,146.37135309386304,86326000
2021-08-19,143.34226989746094,144.61251796964282,141.19262734198236,141.71049530140775,86960300
2021-08-20,144.79818725585938,145.10108950161558,143.42045616108942,144.06535347049768,60549600
2021-08-23,146.2834014892578,146.75241093803115,144.50505101044897,144.91543614181833,60131800
2021-08-24,146.19544982910156,147.40707372149436,145.73620613091066,146.02934262692168,48606400
2021-08-25,144.9643096923828,146.8794554129226,144.41712946066949,146.3811188443998,58991300
2021-08-26,144.16305541992188,145.70689371393732,144.13374326132688,144.95452843061085,48597200
2021-08-27,145.19879150390625,145.3453522818871,143.4692997760321,144.1044163600025,55802400
2021-08-30,149.6153564453125,149.97689795560206,145.20858752404757,145.58966053577964,90956700
2021-08-31,148.35488891601562,149.30268857096087,147.82724018566304,149.1658935130071,86453100
2021-09-01,149.0193328857422,151.4328005101191,148.85322564922996,149.33201585532615,80313700
2021-09-02,150.13320922851562,151.17872592141705,148.91181958328025,150.34817499884036,71115500
2021-09-03,150.76834106445312,151.09078972052774,149.5860293255129,150.24069238740682,57808700
2021-09-07,153.1036376953125,153.66058362239795,150.8562777588282,151.4230043452141,82278300
2021-09-08,151.55982971191406,153.44564855103232,150.45568847705636,153.38702422166725,74420200
2021-09-09,150.54360961914062,152.53691096459315,150.4263460744376,151.93110647020356,57305700
2021-09-10,145.56036376953125,151.92135699493102,145.2965393767227,151.45234744847278,140893200
2021-09-13,146.12705993652344,147.95425407222461,145.34536758274155,147.18234237769772,102404300
2021-09-14,144.7297821044922,147.61227358439965,143.5474852815467,146.9087519585389,109296300
2021-09-15,145.6189727783203,146.01959220126037,143.01985176888803,145.15972903193406,83281300
2021-09-16,145.38441467285156,145.56030249720038,143.85035735869758,145.04243459087402,68034100
2021-09-17,142.71694946289062,145.41378761722353,142.4238129361749,145.41378761722353,129868800
2021-09-20,139.66835021972656,141.52485650500037,138.0365754530921,140.50866688674913,123478900
2021-09-21,140.1471405029297,141.29037444715544,139.51202378684255,140.6356964105484,75834000
2021-09-22,142.51171875,143.0784303016391,140.41092007174154,141.1437536993702,76404300
2021-09-23,143.4693145751953,143.71359250338787,142.30654925147212,143.29342671393508,64838200
2021-09-24,143.55728149414062,144.0946960320379,142.22840868658764,142.3261258424034,53477900
2021-09-27,142.04273986816406,142.6192471706429,140.52822848156046,142.14045701354505,74150700
2021-09-28,138.66189575195312,141.4368888178272,138.44693003041687,139.97122157619168,108972300
2021-09-29,139.56088256835938,141.14379894035906,138.77919013309102,139.2091217179658,74602000
2021-09-30,138.2613067626953,141.075393254431,138.04634099404652,140.37187163149707,89056700
2021-10-01,139.38497924804688,139.64880358400276,135.9260103602956,138.65214546670163,94639600
2021-10-04,135.95530700683594,138.95504676613083,135.10522468851968,138.5153346198599,98322000
2021-10-05,137.88021850585938,138.9843593851802,136.1702732054442,136.29730248452776,80861100
2021-10-06,138.74984741210938,138.8964081885175,135.20292752763442,136.27775625309343,83221100
2021-10-07,140.01036071777344,140.9190825580318,139.45341467529775,139.78562915042673,61732700
2021-10-08,139.6292724609375,140.87997439192273,139.2970580219821,140.73341358342566,58773200
2021-10-11,139.5413360595703,141.49555969160025,138.56422424355534,139.0137022391212,64452200
2021-10-12,138.27102661132812,139.9712057872769,137.81178306798915,139.95165938492258,73035900
2021-10-13,137.684814453125,138.16358964828814,136.0139468710265,138.00726310614547,78762700
2021-10-14,140.4696044921875,140.58686806127858,138.27110266842462,138.85737578524592,69907100
2021-10-15,141.52484130859375,141.58346561937512,140.22528108462743,140.47933964406647,67940300
2021-10-18,143.19573974609375,143.47909561279081,139.88333128324254,140.1666871499396,85589200
2021-10-19,145.35513305664062,145.75575243725564,143.1957245202807,143.64518755891186,76378900
2021-10-20,145.8437042236328,146.32249438069462,144.72979735027167,145.29652399244392,58418800
2021-10-21,146.05865478515625,146.21499623763387,144.4855043297612,145.40399172614036,61421000
2021-10-22,145.28675842285156,146.74264548774926,145.23789985010384,146.26387023963363,58883400
2021-10-25,145.23788452148438,145.95117189778182,144.24122639888336,145.27696242983234,50720600
2021-10-26,145.90234375,147.38754297777294,145.5994265625498,145.91210950073977,60893400
2021-10-27,145.44308471679688,146.30293288736218,145.09132390307514,145.94140632392705,56094900
2021-10-28,149.0779571533203,149.66421529809745,146.29318250961379,146.39089965518153,100077900
2021-10-29,146.371337890625,146.50813293434493,143.05892977311782,143.85038787675046,124953200
2021-11-01,145.55056762695312,146.2736207539483,144.4171144592604,145.57987978563986,74588300
2021-11-02,146.58628845214844,148.10081443519022,145.2476354029817,145.25741606122364,69122000
2021-11-03,148.02268981933594,148.4916993652847,146.39091470548655,146.94786074576106,54511500
2021-11-04,147.50482177734375,148.94116258076141,147.1921388068415,148.11062639576105,60394600
2021-11-05,148.03321838378906,148.93347149692437,146.83940090236302,148.63012712450208,65463900
2021-11-08,147.21121215820312,148.31696452355757,146.93722280009231,148.1603949099799,55020900
2021-11-09,147.57325744628906,148.17994599827716,146.83935422451017,146.9763488953236,56787900
2021-11-10,144.74530029296875,146.9078752619248,144.67681041564214,146.80023551358215,65187100
2021-11-11,144.69639587402344,146.22291262356347,144.51047128224292,145.7630135429795,41000000
2021-11-12,146.77085876464844,147.1720478294866,144.31471985327795,145.24432757919843,63804000
2021-11-15,146.7806396484375,148.62029511004687,146.22286605075,147.1426937815547,59222800
2021-11-16,147.75917053222656,148.23865930855874,146.1347946104137,146.7219231148491,59256200
2021-11-17,150.19577026367188,151.6733569463972,147.7494257967945,147.7592057993934,88807000
2021-11-18,154.48175048828125,155.26458367795593,149.76520627698585,150.41104477831504,137827700
2021-11-19,157.10426330566406,157.56417731455713,153.17053675502055,154.26649442831288,117305600
2021-11-22,157.56414794921875,162.14369731452808,157.54457301404287,158.20997149701574,117467900
2021-11-23,157.94580078125,158.32742995233392,155.64623082003743,157.6620164381372,96041900
2021-11-24,158.46444702148438,158.66015163635032,156.2138066222637,157.29998440577035,69463600
2021-11-26,153.44451904296875,157.00639624695634,153.00417999336176,156.1452930856568,76959800
2021-11-29,156.8009033203125,157.73051124922804,155.38201155737082,155.9495652762871,88748200
2021-11-30,161.75230407714844,161.9675835913138,156.48776584559891,156.55627065978888,174048100
2021-12-01,161.23367309570312,166.6449857878265,160.99881865483053,163.88550209995378,152052500
2021-12-02,160.24534606933594,160.6759050938818,154.4132690949476,155.33309702351337,136739200
2021-12-03,158.36659240722656,161.41964123754784,156.29209654572153,160.49981309327887,118023100
2021-12-06,161.77183532714844,164.27688907224382,160.75414791114213,160.76392791139867,107497000
2021-12-07,167.506103515625,167.89752761795768,164.72705957992557,165.4511829707639,120405400
2021-12-08,171.3223876953125,172.1835056764081,167.03638765651502,168.43570437579535,116998900
2021-12-09,170.8135528564453,172.95655298827864,170.18728927314578,171.15604705270513,108923700
2021-12-10,175.59861755371094,175.77476213435622,170.94078267392138,171.4496265464153,115402700
2021-12-13,171.96824645996094,178.22110269969062,171.76274694249355,177.2327699190323,153237000
2021-12-14,170.5885009765625,173.92531854630914,168.51400556372403,171.48875398461132,139380400
2021-12-15,175.45184326171875,175.6475478496639,168.6118581679586,171.35176719309973,131063300
2021-12-16,168.56288146972656,177.25230012898882,167.0852950701425,175.43221959715143,150185800
2021-12-17,167.4669647216797,169.74695967221308,166.0480878451819,166.28292736988075,195432700
2021-12-20,166.10679626464844,166.91898445345717,163.8659512088188,164.66834446331637,107499100
2021-12-21,169.27728271484375,169.48276731961977,165.49033075391415,167.8779657038139,91185900
2021-12-22,171.8704071044922,172.08568665070675,168.45530424072862,169.32620242994054,92135300
2021-12-23,172.4966278076172,173.0544014741378,171.50831008728667,172.07586375572322,68356600
2021-12-27,176.45970153808594,176.54776634572997,173.26967407814607,173.28923408120028,74919600
2021-12-28,175.44203186035156,177.43825729141835,174.69834852343934,176.29336988152778,79144300
2021-12-29,175.53009033203125,176.7532624077505,174.31669825764985,175.48116046274254,62348900
2021-12-30,174.37545776367188,176.69460283265636,174.2678179931173,175.61820512711046,59773000
2021-12-31,173.75897216796875,175.38333364161016,173.45561289396153,174.26780109643352,64062300
2022-01-03,178.10366821289062,178.9550062933326,173.89596741451703,174.0133871781769,104487900
2022-01-04,175.8432159423828,179.01368336177322,175.2756623032222,178.7103390737201,99310400
2022-01-05,171.16583251953125,176.3031560396219,170.89184312629723,175.7551772531539,94537600
2022-01-06,168.3085174560547,171.53769548653034,167.95624321761545,168.99349099432447,96904000
2022-01-07,168.474853515625,170.40257420223315,167.35932100577125,169.17940193566972,86709100
2022-01-10,168.49440002441406,168.79774430633347,164.5606744980765,165.45114734140734,106765600
2022-01-11,171.3223876953125,171.4202325096092,167.15382233749222,168.62162893365016,76138300
2022-01-12,171.7627410888672,173.37732250749067,171.0679876032979,172.3400748149154,74805200
2022-01-13,168.49440002441406,172.82931463870656,168.10297600637327,172.0073465977702,84505800
2022-01-14,169.35556030273438,170.05031384521072,167.41804452412237,167.66267899736397,80440800
2022-01-18,166.15573120117188,168.83691537487223,165.77410203397278,167.82902257608225,90956700
2022-01-19,162.662353515625,167.40826837840387,162.37858408989868,166.3514456378891,94815000
2022-01-20,160.97926330566406,166.0383024176851,160.65634400941124,163.39625309442948,91420500
2022-01-21,158.92433166503906,162.76019814543096,158.81669190708894,160.89118731707072,122848900
2022-01-24,158.15126037597656,158.8166737850042,151.37978119467465,156.58560899416545,162294600
2022-01-25,156.35076904296875,159.26680751652682,153.65001008067688,155.56793581393717,115798400
2022-01-26,156.26271057128906,160.8618354481178,154.43284958250229,159.99093736491258,108275300
2022-01-27,155.8027801513672,160.3236197319786,154.88295228679408,158.9634528706825,121954600
2022-01-28,166.67434692382812,166.69392186078738,159.30595841103175,162.15350702087153,179935700
2022-01-31,171.02882385253906,171.2441033483954,165.87192581665457,166.5079843021577,115541600
2022-02-01,170.86245727539062,171.0875167509808,168.61181772559075,170.2753287210778,86213900
2022-02-02,172.06607055664062,172.10522042730014,169.60994623393472,170.99946801633135,84914300
2022-02-03,169.18914794921875,172.45747493667412,168.42588980272237,170.73523917530864,89418100
2022-02-04,168.90504455566406,170.5804825811808,167.22960653014735,168.20939100229583,82465400
2022-02-07,168.18980407714844,170.4335039135459,167.4941505320522,169.36554243968104,77251200
2022-02-08,171.29574584960938,171.80523803495097,167.96446919200875,168.25840756625686,74829200
2022-02-09,172.71640014648438,173.07891560572492,171.36429283315064,172.4910539110368,71285000
2022-02-10,168.64047241210938,171.9325483260604,168.08200312375175,170.61964092504337,90865900
2022-02-11,165.23086547851562,169.58111126110254,164.64298876993468,168.8462728505392,98670700
2022-02-14,165.46600341796875,166.1518495458794,163.19289630795137,163.98651932384257,86185500
2022-02-15,169.2969512939453,169.45372039657573,166.80830532856646,167.51375134007887,62527400
2022-02-16,169.06182861328125,169.83585183660028,166.6123672162483,168.3759824121772,61177400
2022-02-17,165.46600341796875,168.43474911832254,165.06428820364812,167.57253401447812,69589300
2022-02-18,163.91796875,167.0924613280084,162.83040723152354,166.3870301609273,82772700
2022-02-22,160.99818420410156,163.32026851174712,158.872038841447,161.64483056360834,91162800
2022-02-23,156.83412170410156,162.7911986729469,156.52058346872764,162.19352949330056,90009200
2022-02-24,159.4501495361328,159.5579264390306,148.9272576589058,149.49553451506446,141147500
2022-02-25,161.5175018310547,161.78203291625664,157.617948249187,160.5279097890242,91974200
2022-02-28,161.78201293945312,162.07595128148682,159.14639022474867,159.76365924798694,95056600
2022-03-01,159.90081787109375,163.23209394256236,158.69568719407653,161.37049453342058,83474400
2022-03-02,163.1929473876953,163.9767781865015,159.65592380274117,161.0668162505265,79724800
2022-03-03,162.86956787109375,165.49539801856008,162.20332160924863,165.06429046074288,76678400
2022-03-04,159.87142944335938,162.2033212553789,158.82306783943153,161.16475211398938,83737200
2022-03-07,156.0796661376953,161.68403439715155,155.82491261205914,160.05758861933697,96418800
2022-03-08,154.25729370117188,159.58732445146612,152.65044751471495,155.6094012673305,131148300
2022-03-09,159.65586853027344,160.1065759424101,156.187438255504,158.21558423430952,91454900
2022-03-10,155.31544494628906,157.14763719865718,152.82678391494153,156.9614757494235,105342000
2022-03-11,151.60203552246094,156.0600575177212,151.37668929729986,155.7171269987306,96970100
2022-03-14,147.5751495361328,151.00439558659642,147.06567231572745,148.38837253642478,108732100
2022-03-15,151.95477294921875,152.42508026860065,147.33999637401098,147.84947354452075,92964300
2022-03-16,156.36380004882812,156.76551526978483,151.33751588171134,153.87515407206308,102300200
2022-03-17,157.37295532226562,157.74527815418617,154.44340972475143,155.4035941882953,75615400
2022-03-18,160.6650390625,161.15493125437885,156.53034776701656,157.26518605483486,123511700
2022-03-21,162.03675842285156,162.98715054298916,159.71465909153343,160.20455132045697,95811400
2022-03-22,165.4072265625,165.9950882926474,161.5762655771906,162.164127307338,81532000
2022-03-23,166.7691192626953,169.14998832074127,164.26085849061369,164.59399656875675,98062700
2022-03-24,170.55108642578125,170.61966356312797,166.76911784992285,167.60192566241446,90131400
2022-03-25,171.1879425048828,171.73661941189775,169.2577659174967,170.3649271443604,80546200
2022-03-28,172.0501708984375,172.1775327221898,168.52294058057433,168.6895021580393,90371900
2022-03-29,175.34222412109375,175.39120138120336,172.77517880756406,173.11810933027303,100589400
2022-03-30,174.17633056640625,175.97913082903224,173.12795375967593,174.94056143752658,92633200
2022-03-31,171.08016967773438,174.4310308254092,170.8744083575564,174.2448693810398,103049300
2022-04-01,170.78622436523438,171.34470867552832,168.46414001265768,170.51188591642043,78751300
2022-04-04,174.83274841308594,174.8817406281064,170.9136104166494,171.0409871856376,76468400
2022-04-05,171.52108764648438,174.6955950948926,170.89402610794616,173.91176443413826,73401800
2022-04-06,168.35638427734375,170.11999949152553,166.69075350018778,168.87566890286308,89058800
2022-04-07,168.6600799560547,169.85541807711806,166.41638033883945,167.69989546465595,77594700
2022-04-08,166.65158081054688,168.30741939304966,165.77957300057145,168.30741939304966,76575500
2022-04-11,162.39927673339844,165.61296861541499,162.1543306146452,165.29944535757966,72246700
2022-04-12,164.27064514160156,166.43596014907794,163.27126093413113,164.62336810010157,79265200
2022-04-13,166.95529174804688,167.58235330112555,163.39868377604554,164.00614545081112,70618900
2022-04-14,161.9485626220703,167.80768430539896,161.70361651341247,167.17081545269417,75329400
2022-04-18,161.73304748535156,163.23211669383912,160.2633706181813,160.60628625032533,69023900
2022-04-19,164.01589965820312,164.4274222551572,160.59646173132168,161.68402299396155,67723800
2022-04-20,163.849365234375,165.4660187034269,162.74221886501599,165.34843439183405,67929800
2022-04-21,163.05572509765625,168.062424195949,162.55604041418727,165.4953937411617,87227800
2022-04-22,158.5193328857422,164.47642463552896,158.23520194954875,163.0949398073809,84882400
2022-04-25,159.5873260498047,159.87145701566283,155.25667975939896,157.8628955248933,96046400
2022-04-26,153.63021850585938,159.0582182667308,153.55183394880203,158.9700412464134,95623200
2022-04-27,153.40484619140625,156.5597381127117,152.2389003975014,152.7581849182673,88063200
2022-04-28,160.3319091796875,161.19412418503478,155.71711834920524,156.0306565149034,130216800
2022-04-29,154.46302795410156,162.84018882642286,154.07112011517893,158.568327600733,131747600
2022-05-02,154.76675415039062,155.0312851805643,150.17156281104934,153.54202362072925,123055300
2022-05-03,156.25599670410156,157.46114216293424,153.15988966395724,154.95288178500678,88966500
2022-05-04,162.66384887695312,163.11454143572888,156.04049519291306,156.44221048032446,108256500
2022-05-05,153.600830078125,160.76305283929582,151.8176149978829,160.53770657596968,130525300
2022-05-06,154.32693481445312,156.44638259515347,151.28513392702433,153.0807759379822,116124600
2022-05-09,149.20494079589844,152.90416000742098,148.6456508199546,152.0210492953049,131577900
2022-05-10,151.6089324951172,153.79707304983472,150.05859659800515,152.59997843272657,115366700
2022-05-11,143.74932861328125,152.53128118939546,143.07228159830737,150.61789721596364,142689800
2022-05-12,139.88333129882812,143.45498708775622,136.19393338715008,140.08939498593494,182602000
2022-05-13,144.34786987304688,145.3192870677171,140.42297369266063,141.87518108716213,113990900
2022-05-16,142.8073272705078,144.75016147394118,141.472862097978,142.817149092285,86643800
2022-05-17,146.43788146972656,146.95792901438662,143.9259353445969,146.0650115425021,78336300
2022-05-18,138.17599487304688,144.59319436014727,137.27325546059197,144.09277542323014,109742900
2022-05-19,134.77110290527344,139.0001753383168,134.0351850116639,137.25359806859987,136095600
2022-05-20,135.00662231445312,138.0582299092985,130.1201304167111,136.47845848613497,137426100
2022-05-23,140.4229736328125,140.57015125059797,135.0654837610607,135.20285452842407,117726300
2022-05-24,137.72459411621094,139.30436527340177,134.75148674775386,138.1661418989175,104132700
2022-05-25,137.8816375732422,139.12778160669652,135.74256089517434,135.83086748545804,92482700
2022-05-26,141.08038330078125,141.62986633656274,134.56505664226245,134.81036263839988,90601500
2022-05-27,146.8303680419922,146.869610416665,142.5326018592053,142.6601657784012,90978500
2022-05-31,146.04541015625,147.831245433681,144.0829617048982,146.27110250820675,103718400
2022-06-01,145.91786193847656,148.8909701597807,144.90718720632282,147.08550619630913,74286600
2022-06-02,148.37091064453125,148.42978169809749,144.10257959347064,145.05436821890447,72348100
2022-06-03,142.65037536621094,145.19174238635256,141.74765092180013,144.14182533230215,88570300
2022-06-06,143.3960723876953,145.78045445382116,142.17934925780943,144.2693611343495,71598400
2022-06-07,145.91786193847656,146.20241037757677,141.39441763595644,141.63972369363694,67808200
2022-06-08,145.18194580078125,147.05607272879104,144.6913336785422,145.79030004122362,53950200
2022-06-09,139.96180725097656,145.17210490927135,139.85387199936835,144.31844471982856,69473000
2022-06-10,134.55526733398438,138.11710068108783,134.48657445941151,137.6461172993445,91437900
2022-06-13,129.4038543701172,132.6615109809625,128.97211331960065,130.37525676148604,122207100
2022-06-14,130.26727294921875,131.37606069096353,129.0113076188741,130.63033595491132,84784300
2022-06-15,132.88720703125,134.76134914011658,129.6786141747916,131.76861186695444,91533000
2022-06-16,127.61803436279297,129.90428885550853,126.61718135082461,129.60011170782576,108123900
2022-06-17,129.08984375,130.58130861525225,127.37270152778396,127.62782938306579,134520300
2022-06-21,133.31890869140625,134.48656772231706,130.8167993077871,130.91491273074396,81000500
2022-06-22,132.80870056152344,135.17343948860204,131.395735327504,132.2592024365102,73409200
2022-06-23,135.6738739013672,135.98785785879153,133.08344262037107,134.25110181028134,72433800
2022-06-24,139.00021362304688,139.24551965514786,137.1457006192552,137.27324957478913,89116800
2022-06-27,139.00021362304688,140.79585557470105,138.32316657888146,140.02068012877845,70207900
2022-06-28,134.8594512939453,140.7271675936439,134.7417091855751,139.46139501178652,67083400
2022-06-29,136.6158447265625,138.0288100068747,134.1039131048046,134.8790886274478,66242400
2022-06-30,134.15296936035156,135.77198324759192,131.25836106107414,134.67301697127326,98964500
2022-07-01,136.32144165039062,136.42937688810812,133.11284998534265,133.48570492012948,71051600
2022-07-05,138.9020538330078,138.95111802279916,134.3589823539813,135.18322181452564,73353800
2022-07-06,140.23655700683594,141.41402301996357,138.4311081218874,138.69604284083624,74064300
2022-07-07,143.60214233398438,143.79838414491758,140.58977738452884,140.59958423477383,66253700
2022-07-08,144.27919006347656,144.7796239540416,142.2774994180926,142.5326123028861,64547800
2022-07-11,142.14990234375,143.886672848055,141.08037188051733,142.93488446230452,63141600
2022-07-12,143.12130737304688,145.6626734804045,142.32651847225287,143.0231790018653,77588800
2022-07-13,142.75830078125,143.7002675399076,139.45156535802397,140.3052405126538,71185600
2022-07-14,145.6823272705078,146.15331059436355,140.56033683517074,141.37475454509644,78140700
2022-07-15,147.35043334960938,148.0274804295402,145.41742051675783,146.96775651820843,76259900
2022-07-18,144.3086395263672,148.7241480973096,143.9455764182645,147.9097302753274,81420900
2022-07-19,148.16482543945312,148.39050276940443,144.1516228338136,145.1426536934173,82982400
2022-07-20,150.16656494140625,150.83380527169302,147.54669777582993,148.28261602365345,64823400
2022-07-21,152.4331512451172,152.64902171844827,149.0871738807754,151.59910487340264,65086600
2022-07-22,151.19680786132812,153.3456908921451,150.52958270466215,152.47240210045547,66675400
2022-07-25,150.0782470703125,152.1290021734992,149.4208286149878,151.11834238686484,53623900
2022-07-26,148.75357055664062,150.21558479499407,147.96858832963514,149.4011670445513,55138700
2022-07-27,153.8461456298828,154.37601511646298,149.3030874727054,149.71519986654883,78620700
2022-07-28,154.39561462402344,154.68016301876492,151.51081343985047,154.0325515340952,81378700
2022-07-29,159.4586944580078,160.55767543376024,156.50521583755506,158.21255085489784,101786900
2022-08-01,158.47750854492188,160.5184565925083,157.86915435741844,157.98689646537588,67829400
2022-08-02,157.00564575195312,159.36059231885778,156.63279081571793,157.09396729027588,59907000
2022-08-03,163.01077270507812,163.46212742924678,157.73178199101062,157.82008857109244,82507500
2022-08-04,162.69677734375,164.05087149041262,161.3426831970874,162.8930191834261,55474100
2022-08-05,162.47079467773438,162.96208826310027,160.16170882927858,160.368058732092,56697000
2022-08-08,161.99913024902344,164.88793871959618,161.3407986917232,163.47301089783898,60276900
2022-08-09,162.04824829101562,162.93258559805665,160.40732977942574,161.16392597706255,63135500
2022-08-10,166.29302978515625,166.3912794896035,163.99376480339055,164.76018146628317,70170500
2022-08-11,165.5560760498047,168.01254335724568,165.26129697429445,167.0987297224726,57149200
2022-08-12,169.10325622558594,169.1720295303759,166.4502588992338,166.8629587003345,68039400
2022-08-15,170.17425537109375,170.37076978453467,168.36629877849532,168.53333677957454,54091700
2022-08-16,170.0170440673828,170.6852110892498,168.67090454328755,169.77139729331643,56377100
2022-08-17,171.5105743408203,173.08270464114312,169.5650561598673,169.76157057327157,79542000
2022-08-18,171.11752319335938,171.85446345688476,170.10545976423154,170.72449438338106,62290100
2022-08-19,168.5333251953125,170.71466951867444,168.3269753298755,170.0170261568602,70346300
2022-08-22,164.65211486816406,166.90223255698254,164.22959465128477,166.73519456201245,69026800
2022-08-23,164.31802368164062,165.7722632709113,163.74812140904885,164.17064162540487,54147100
2022-08-24,164.61280822753906,165.1827105189657,163.35509799580043,164.40647334198977,53841500
2022-08-25,167.06927490234375,167.17736007756102,165.41853585512217,165.84104108991514,51218200
2022-08-26,160.77088928222656,168.0715189036816,160.71193645776907,167.59988131493301,78961000
2022-08-29,158.5699005126953,160.06342201093398,157.03706713692557,158.34389469961232,73314000
2022-08-30,156.1428985595703,159.72933499269527,154.9736176696823,159.30682979347176,77906200
2022-08-31,154.4823455810547,157.78383884788298,154.40373681361956,157.5185361319256,87991100
2022-09-01,155.20944213867188,155.66142374222144,151.97672265788725,153.91242016030444,74229900
2022-09-02,153.09689331054688,157.56766760419046,152.2715237467297,156.9682888748041,76957800
2022-09-06,151.8391876220703,154.3546082697241,151.01381803326322,153.74540904842692,73714800
2022-09-07,153.24427795410156,153.9419063408882,150.93519246411637,152.1241293530868,87449600
2022-09-08,151.7703857421875,153.63729493578492,150.0213671908206,151.9472441951636,84923800
2022-09-09,154.6297149658203,155.07189112050955,152.0553417641127,152.76280561990976,68028800
2022-09-12,160.58419799804688,161.39974706706778,156.52612358553827,156.81106723949068,104956000
2022-09-13,151.16116333007812,157.74449248447965,150.6993462930314,157.11563747555653,122656600
2022-09-14,152.6055908203125,154.3644300184662,150.9351958505273,152.0946413613245,87965400
2022-09-15,149.71681213378906,152.53684769230986,148.74406036714225,151.95710982916356,90481100
2022-09-16,148.07586669921875,148.71455728301882,145.78643705402317,148.57699569456918,162278800
2022-09-19,151.79002380371094,151.86863255679214,146.50371634850782,146.7100512063952,81474200
2022-09-20,154.16790771484375,155.3273682721185,150.41443284470995,150.7288529156578,107689800
2022-09-21,151.04327392578125,155.9758648340084,150.92536828428254,154.600234046477,101696800
2022-09-22,150.08035278320312,151.7802241971407,148.28221666613402,149.72662084225365,86652500
2022-09-23,147.81057739257812,148.83247642204518,145.97314422465584,148.55735322020942,96029900
2022-09-26,148.14463806152344,151.09239889982268,147.0343100146429,147.05396595162924,93339400
2022-09-27,149.117431640625,152.0258964191408,147.33895116498724,150.08037791467922,84442700
2022-09-28,147.23085021972656,148.01692291304855,142.31791462782627,145.06916155790836,146691400
2022-09-29,139.99899291992188,144.16516723784525,138.2303333041484,143.55596808972413,128138200
2022-09-30,135.7935333251953,140.60821907927374,135.59701890511008,138.8199033723931,124925300
2022-10-03,139.96949768066406,140.57871173992285,135.29238954196313,135.80333891625202,114311700
2022-10-04,143.55596923828125,143.67387488258018,141.7479977315321,142.504593932989,87830100
2022-10-05,143.85072326660156,144.8136692711772,140.51975411083046,141.56130887045842,79471000
2022-10-06,142.8976287841797,144.97088807825529,142.69129389793306,143.27101666436323,68402200
2022-10-07,137.650634765625,140.60823177983056,137.0217795686969,140.05797036356424,85925600
2022-10-10,137.9748992919922,139.41930374314163,136.15712188264376,137.9748992919922,74899000
2022-10-11,136.55995178222656,138.88869341854974,135.8131909792421,137.46393012049913,77033700
2022-10-12,135.9310760498047,137.9159059012539,135.7542175942047,136.70732814205923,70433700
2022-10-13,140.50013732910156,141.08968060374895,132.03022618093473,132.6394403890868,113224000
2022-10-14,135.9704132080078,142.00349764686453,135.78371925254498,141.79714775053986,88598000
2022-10-17,139.9302215576172,140.41167960335844,137.82748592791265,138.61355854500806,85250900
2022-10-18,141.2468719482422,144.14550040873658,138.1615495711484,142.95657861316172,99136600
2022-10-19,141.35498046875,142.42599680685538,139.03607431855443,139.22276826600364,61758300
2022-10-20,140.8931427001953,143.34961008460004,140.16602295690015,140.52959032509128,64522000
2022-10-21,144.70558166503906,145.27548388473534,140.16601984417193,140.3821901686459,86548600
2022-10-24,146.8476104736328,147.61402706279983,143.45768863799606,144.6269694579804,75981900
2022-10-25,149.68731689453125,149.83471395703802,146.75921150175503,147.476495894735,74732300
2022-10-26,146.74937438964844,149.34340346890698,145.4621728259598,148.33134005875115,88194300
2022-10-27,142.27859497070312,146.45458955551916,141.62026350591435,145.49165853167307,109180200
2022-10-28,153.0281219482422,154.75746986477446,145.24603383421282,145.619406740808,164762400
2022-10-31,150.66989135742188,151.55422867895751,149.27461957607085,150.49303288896766,97943200
2022-11-01,148.02670288085938,152.74312275710574,146.53318166463166,152.37957042057582,80379300
2022-11-02,142.50462341308594,149.52029556888522,142.47514699591338,146.35636351890798,93604600
2022-11-03,136.46168518066406,140.3134243600425,136.33394407491397,139.58630459413143,97918500
2022-11-04,136.1959686279297,140.4182534262788,132.25910018387182,139.84740569973505,140814800
2022-11-07,136.72743225097656,136.95379796987663,133.52872680415337,134.94600177423487,83374600
2022-11-08,137.29827880859375,139.19781051108808,135.32000793975288,138.19391993058036,89908500
2022-11-09,132.74134826660156,136.36327480735815,132.46576869499577,136.31406095143706,74917800
2022-11-10,144.5519561767578,144.5519561767578,137.2982811810409,139.0108242882595,118854000
2022-11-11,147.33731079101562,147.6424157179768,142.09143135008082,143.51855829432515,93979700
2022-11-14,145.939697265625,147.90813128864986,145.10310679865555,146.61880940644215,73374100
2022-11-15,147.67189025878906,151.16586309626985,146.2152535189844,149.8174908111913,89868300
2022-11-16,146.4416046142578,147.504560513596,144.96527947928075,146.77624972516574,64218300
2022-11-17,148.3411865234375,149.0891860323431,143.8433076526517,144.11888720950952,80389400
2022-11-18,148.90219116210938,150.2899408094876,147.60303246304494,149.9060967599958,74829600
2022-11-21,145.67393493652344,147.9966873729924,145.3885186493538,147.79001023834212,58724100
2022-11-22,147.80970764160156,148.04592513732047,144.6110022662971,145.7920747269315,51804100
2022-11-23,148.6856689453125,149.43366845656658,146.98296272757275,147.09122719796105,58301400
2022-11-25,145.77236938476562,146.53022062215993,144.79798922240155,145.96920976620405,35195900
2022-11-28,141.9437713623047,144.32557460653223,141.11703271911014,142.84924916455952,69246000
2022-11-29,138.94192504882812,142.52447466230237,138.13487484288268,142.01267756953146,83763800
2022-11-30,145.6936492919922,146.37276146207836,138.33170993361605,139.16828541868128,111380900
2022-12-01,145.96920776367188,146.77627283984336,144.29604201746156,145.870795083282,71250400
2022-12-02,145.47714233398438,145.66414600537883,143.351229571757,143.65634951969474,65447400
2022-12-05,144.3157501220703,148.53803463745106,143.46932286260514,145.4377569527139,68826400
2022-12-06,140.65444946289062,144.9751613197971,139.68006926529813,144.74879562385667,64727200
2022-12-07,138.7155303955078,141.10717022124382,137.79036411926236,139.94580150371553,69721100
2022-12-08,140.3985595703125,141.25483863673134,138.87303512029186,140.11314322681335,62128300
2022-12-09,139.91629028320312,143.27247380855323,138.67616726979998,140.09344213199822,76097000
2022-12-12,142.20953369140625,142.21937045590607,138.8336612407948,140.44777667846864,70462700
2022-12-13,143.17405700683594,147.60303377953338,141.9634742273276,147.1404505596148,93886200
2022-12-14,140.94972229003906,144.3452679150581,138.9320744491566,143.05594605605327,82291200
2022-12-15,134.34561157226562,139.5619643292127,133.88302841156911,138.88285224146853,98931900
2022-12-16,132.3870086669922,135.47744910553232,131.61932069307161,134.53260929976452,160156900
2022-12-19,130.28082275390625,133.06615916355452,129.24740673369394,132.97758322204413,79592600
2022-12-20,130.2119140625,131.14691722297425,127.83994745250583,129.31627297471567,77432800
2022-12-21,133.3121795654297,134.65071518492888,130.6547968699711,130.8811625578248,85928000
2022-12-22,130.14300537109375,132.4362327068824,128.24347383297044,132.2295555538223,77852100
2022-12-23,129.77886962890625,130.3300288114699,127.5939064280565,128.85370313619094,63814900
2022-12-27,127.97774505615234,129.33596942535033,126.68842309082302,129.30644411453827,69007800
2022-12-28,124.05071258544922,128.96195335269854,123.88339749624971,127.62341762114275,85438400
2022-12-29,127.56437683105469,128.4206408882066,125.71405141675788,125.969942452078,75703700
2022-12-30,127.8792953491211,127.8989838922634,125.41876059384748,126.38329646538533,77034200
2023-01-03,123.09600830078125,128.83398716375524,122.21021158237852,128.22377748695044,112117500
2023-01-04,124.36566162109375,126.62936374107429,123.10586505340991,124.88729543343348,89113600
2023-01-05,123.04680633544922,125.75340309203497,122.79091532129203,125.12350481122068,80962700
2023-01-06,127.57420349121094,128.23362708296847,122.91886125861728,124.02118700839063,87754700
2023-01-09,128.09585571289062,131.30441322455866,127.83996466106093,128.4108124086458,70790800
2023-01-10,128.6667022705078,129.18833615231142,126.09789493911427,128.20411901412172,63896200
2023-01-11,131.38311767578125,131.40279120059512,128.40094170907022,129.17846644203894,69458900
2023-01-12,131.3043975830078,132.14097304777255,129.36548883237654,131.76698078856714,71379600
2023-01-13,132.63307189941406,132.7905502170586,129.58200833933589,129.94616380817476,57809700
2023-01-17,133.79443359375,135.12311725700644,132.01300359662682,132.70195234994011,63646600
2023-01-18,133.0760040283203,136.42233624485746,132.898837136548,134.6605941996835,69672800
2023-01-19,133.135009765625,134.09953801753062,131.65868457644117,131.9637893793328,58280400
2023-01-20,135.69398498535156,135.84162653742413,132.1015991542997,133.14486670992753,80223600
2023-01-23,138.88287353515625,141.0579999020067,135.72353008280908,135.94005904305521,81760300
2023-01-24,140.28045654296875,140.90051809732327,138.0856567013407,138.0954934654877,66435100
2023-01-25,139.6210479736328,140.1820439497328,136.61918260935104,138.6663561197799,65799300
2023-01-26,141.68788146972656,141.9732977828438,139.6603818984353,140.9103416541343,54105100
2023-01-27,143.6267852783203,144.9062704324847,140.82177572822627,140.90051489349364,70555800
2023-01-30,140.74305725097656,143.25281407268088,140.59543068062553,142.6721295386836,64015300
2023-01-31,142.01266479492188,142.06187864867766,140.03439402480078,140.4477633640219,65874500
2023-02-01,143.13467407226562,144.29605796571016,139.08955653554688,141.69772563249788,77663600
2023-02-02,148.4396514892578,148.7939552787564,145.83146678995257,146.54994117081904,118339000
2023-02-03,152.0615234375,154.8960731461596,145.4967979818679,145.69363837431163,154357300
2023-02-06,149.3352508544922,150.6836384438328,148.40024764766747,150.1620046015634,69858300
2023-02-07,152.20913696289062,152.77998456473935,148.26243261630023,148.26243261630023,83322600
2023-02-08,149.52227783203125,152.14029923404468,148.78411491914525,151.45135018561032,64120100
2023-02-09,148.48883056640625,151.89422837459855,148.0459358705389,151.3529059605557,56007100
2023-02-10,148.853515625,149.17880490718028,147.08908410868764,147.32566223415182,57450700
2023-02-13,151.65301513671875,152.05714887131725,148.76484796074135,148.7944183549585,62199000
2023-02-14,151.01226806640625,151.5741355635304,148.7056873791277,149.9476888936107,61707600
2023-02-15,153.1118621826172,153.279432747917,150.696851620169,150.923562968411,65573800
2023-02-16,151.51498413085938,154.09756497312395,151.16012443154224,151.3178281549916,68167900
2023-02-17,150.37156677246094,150.8151376986906,148.69584602843153,150.17442580979125,59144100
2023-02-21,146.35964965820312,149.1393862953431,146.29065710385296,148.05508866222715,58867200
2023-02-22,146.78350830078125,147.80865006019064,145.05849901188733,146.74407109413818,51011300
2023-02-23,147.26654052734375,148.19311959888688,145.13739706863274,147.946689634791,48394200
2023-02-24,144.61495971679688,145.0881010134071,143.6390916917033,145.00924162382364,55469600
2023-02-27,145.80767822265625,147.03982803359767,145.344388690471,145.6006854773172,44998500
2023-02-28,145.3049774169922,146.95112788301643,144.73325805691135,144.95011764317968,50547000
2023-03-01,143.2349395751953,145.1275197577975,142.93922063146897,144.73323786008925,55479000
2023-03-02,143.8263397216797,144.61491835105835,141.84503384724397,142.31819004940294,52238100
2023-03-03,148.87326049804688,148.9521198871165,145.22610023869615,145.9259528752422,70732300
2023-03-06,151.63327026367188,154.06799923846452,151.26855877090114,151.59383305095145,87558000
2023-03-07,149.4351043701172,151.83039589059405,148.9718149331636,151.50510660246357,56182000
2023-03-08,150.68695068359375,151.2783884609091,149.66180891591966,150.62780991403972,47204800
2023-03-09,148.43955993652344,152.3331506331596,148.08470016179072,151.36714931784533,53833600
2023-03-10,146.37940979003906,148.78456882882224,145.5021196528658,148.0649974904625,68572400
2023-03-13,148.3212432861328,150.95311305935627,145.59079552733544,145.69922529511118,84457100
2023-03-14,150.41094970703125,151.2093801741156,147.956517536496,149.11965944141213,73695900
2023-03-15,150.8052978515625,151.06157961922946,147.7791304398882,149.03099896531148,77167900
2023-03-16,153.62440490722656,154.22569446185167,149.4745187940127,149.98709719489494,76161100
2023-03-17,152.78656005859375,154.50171782493953,152.07684064085686,153.8511391851991,98944600
2023-03-20,155.1522979736328,155.56631354554972,151.94870846939224,152.85558396503848,73641400
2023-03-21,157.0054168701172,157.12369840917287,154.30453974820858,155.0734148747329,73938300
2023-03-22,155.57615661621094,159.82460651427928,155.5564380089166,157.0251659140942,75701800
2023-03-23,156.66046142578125,159.24305787299903,155.42831151194017,156.56189845720945,67622100
2023-03-24,157.96157836914062,158.0502895303303,155.59585715875076,156.59142861861952,59196500
2023-03-27,156.0196990966797,158.47414634705046,155.615550445655,157.65599726359355,52390300
2023-03-28,155.3987274169922,156.226743517172,153.7525770821358,155.71416498675424,45992200
2023-03-29,158.4741668701172,158.75016719414856,157.074446643704,157.09415020907082,51305700
2023-03-30,160.0414581298828,160.1498879032855,158.96702721945866,159.22330893800608,49501700
2023-03-31,162.5452117919922,162.64378980216873,159.59791880296052,160.12034916693244,68749800
2023-04-03,163.7970428466797,163.91532439911353,161.87489241518372,161.92418140899423,56976200
2023-04-04,163.26475524902344,164.45746763773894,162.75217680448466,164.22090454094308,46278300
2023-04-05,161.42147827148438,162.69306530915642,159.48947577581393,162.38749456021097,51511700
2023-04-06,162.30862426757812,162.60434321282244,159.686606015777,160.1104583059446,45390100
2023-04-10,159.71620178222656,159.71620178222656,157.794050894079,159.11491201302218,47716900
2023-04-11,158.50376892089844,160.04148961649395,158.21790171619082,160.0316378318426,47644200
2023-04-12,157.81373596191406,159.7457382241708,157.49829842634344,158.9177372546322,50133100
2023-04-13,163.19578552246094,163.4323637150449,159.11490570596376,159.32191350458623,68445600
2023-04-14,162.85079956054688,163.9449493067031,161.4806494316569,162.23964296372833,49386500
2023-04-17,162.87045288085938,163.02817163401676,161.68759231395518,162.73245273206868,41516200
2023-04-18,164.09275817871094,165.019337094876,163.28446081239204,163.72804670609275,49923000
2023-04-19,165.23622131347656,165.75865162452376,163.1760554202755,163.43235220441335,47720200
2023-04-20,164.2701873779297,165.47276665465435,163.1957564794937,163.71818673436218,52456400
2023-04-21,162.66348266601562,164.07305473489896,162.14105238473394,162.69305305620966,58337300
2023-04-24,162.96905517578125,163.23520373133107,161.54961626736943,162.643765839196,41949600
2023-04-25,161.4313201904297,163.93504162144998,161.3918829793584,162.83104036567903,48714100
2023-04-26,161.42147827148438,162.91977666468185,160.47519563222698,160.73147738017352,45498800
2023-04-27,166.00506591796875,166.1529178634098,162.83104713478986,162.83104713478986,64902300
2023-04-28,167.2569122314453,167.42449781718415,165.48262879614657,166.08391841749662,55275900
2023-05-01,167.16819763183594,168.0159171618742,166.23176694003394,166.86262693627947,52472900
2023-05-02,166.13319396972656,167.91735928630777,165.14747425578494,167.6610625345139,48425700
2023-05-03,165.0587615966797,168.47921017635485,164.77290950021637,167.07949000013943,65136000
2023-05-04,163.4224395751953,164.6545890277647,161.96357883480147,162.53529798570008,81235400
2023-05-05,171.0913848876953,171.8109560965244,168.32149974515366,168.5383592942621,113453200
2023-05-08,171.02239990234375,171.36740787815765,169.65224986499234,170.0169614090474,55962800
2023-05-09,169.3170928955078,171.06180609803263,169.14952233576255,170.57881302608763,45326900
2023-05-10,171.08154296875,171.5448325237521,169.44524432941884,170.54926084220077,53724500
2023-05-11,171.268798828125,172.09679977091955,169.71135988855104,171.3673768150292,49514700
2023-05-12,170.34095764160156,171.8117019924622,168.79122976444327,171.3773829679925,45533100
2023-05-15,169.84739685058594,170.97267098611968,169.25514096380277,170.9233138186056,37266700
2023-05-16,169.84739685058594,170.9035679392614,169.58088019536424,169.768428394902,42110300
2023-05-17,170.4593963623047,170.69628668546216,168.21871333171157,169.492059065459,57951600
2023-05-18,172.78892517089844,172.97647339745131,170.35082834910114,170.76540150488879,65496700
2023-05-19,172.8975067138672,174.11161490131875,172.68034719263906,174.11161490131875,55809500
2023-05-22,171.94989013671875,172.45331220735133,171.2095777379714,171.73273062815065,43570900
2023-05-23,169.34402465820312,171.14052366482818,169.06764251282962,170.89375281633775,50747300
2023-05-24,169.6204071044922,170.1929172814093,168.3174648542338,168.88009455770754,45143500
2023-05-25,170.7555389404297,171.65377326209193,169.47232768730396,170.18302884098296,56058300
2023-05-26,173.1640167236328,173.49963649375093,170.873991291327,171.08128541223243,54835000
2023-05-30,175.00985717773438,176.67803022234617,174.28929064745816,174.6742524991613,55964400
2023-05-31,174.9604949951172,177.03337571367211,174.4768188110026,175.03946345752533,99625300
2023-06-01,177.7638397216797,177.7934510177162,174.64465267112755,175.40471108002404,68901800
2023-06-02,178.6127166748047,179.43199760539318,176.94454352013497,178.69168514468382,61996900
2023-06-05,177.2603759765625,182.561007136821,175.74025964458482,180.27098229225282,121946500
2023-06-06,176.8951873779297,177.79342164547316,175.13816542041533,177.64536518975015,64848400
2023-06-07,175.52317810058594,178.86939023713836,175.02963639866553,176.13516499122406,61944600
2023-06-08,178.2375946044922,178.5040961851235,175.16776569867469,175.60206959137867,50214900
2023-06-09,178.6226043701172,179.87618934318917,178.29686506682958,179.1556227362357,48900000
2023-06-12,181.41600036621094,181.51471470308874,178.6324337942364,178.92856174317663,54274900
2023-06-13,180.94219970703125,181.77134589189876,180.08344223425368,180.4387927508673,54929100
2023-06-14,181.57395935058594,182.00827838693002,179.66889592317074,181.00144926283193,57462900
2023-06-15,183.60731506347656,184.11073706491703,181.406124051015,181.58380683437406,65433200
2023-06-16,182.53143310546875,184.57470266619666,181.88983501651188,184.31805138125782,101256200
2023-06-20,182.62025451660156,183.69618663444365,182.02801364300083,182.02801364300083,49799100
2023-06-21,181.58384704589844,183.01511479137184,180.23153270863293,182.51169267844918,49515700
2023-06-22,184.58457946777344,184.63393664574576,181.29759022920584,181.36669329070625,51245300
2023-06-23,184.26869201660156,185.13733008755815,182.62026481317798,183.15329819733586,53117000
2023-06-26,182.8769073486328,185.6209974197008,182.83741558637178,184.4167547195407,48088700
2023-06-27,185.63084411621094,185.9565833444032,183.27171612569057,183.48887561115208,50730800
2023-06-28,186.80548095703125,187.4470789620611,185.17679982937508,185.5025240055518,51216800
2023-06-29,187.14109802246094,187.61490879718235,186.49949997485513,186.63769101872532,46347300
2023-06-30,191.46453857421875,191.96794560784363,188.78953634841974,189.1547673916645,85213200
2023-07-03,189.97402954101562,191.37568580561538,189.28305928715224,191.27697146600818,31458200
2023-07-05,188.85865783691406,190.48733932830032,188.15782203618815,189.0955632614615,46920300
2023-07-06,189.33242797851562,189.53972207962792,186.756140199604,187.3878728511301,45094300
2023-07-07,188.21701049804688,190.1813114167851,187.7827065576724,188.9375920522482,46815000
2023-07-10,186.17376708984375,187.5359467558433,184.62403920180722,186.8153651594175,59922200
2023-07-11,185.65060424804688,186.85484691926047,184.18972537508213,186.71665587805697,46638100
2023-07-12,187.3188018798828,189.2238654174545,186.0355905787657,187.22995293607858,60750200
2023-07-13,188.07882690429688,188.72044002337208,187.32864909209994,188.03935020331573,41342300
2023-07-14,188.22691345214844,188.71057462083735,187.18060758311253,187.77284851528793,41616200
2023-07-17,191.48426818847656,191.81000743962883,189.33241906132668,189.421252931179,50520200
2023-07-18,191.2276153564453,191.81987127398517,189.93453883356673,190.85253399958415,48288200
2023-07-19,192.57994079589844,195.66950100927124,190.16157487576123,190.6057743707706,80507300
2023-07-20,190.63540649414062,193.93226116956544,190.01353918252775,192.57008136763105,59581200
2023-07-21,189.46075439453125,192.45161532627134,188.75991868585442,191.59285775033445,71951700
2023-07-24,190.26026916503906,192.392372294224,189.76672761078473,190.91174763146105,45377800
2023-07-25,191.11907958984375,191.92849519264223,190.42812423483107,190.83283203623031,37283200
2023-07-26,191.98765563964844,193.11292972833346,190.82290485561143,191.1683748904412,47471900
2023-07-27,190.72421264648438,194.65279947329122,190.06286872536143,193.48804855415668,47460200
2023-07-28,193.30050659179688,194.09017617119656,191.63233355900982,192.15548645475204,48291400
2023-07-31,193.91249084472656,193.95198260711592,192.7378594315981,193.52752900074864,38824100
2023-08-01,193.08335876464844,194.1888872056883,192.7576194786216,193.70522604358104,35175100
2023-08-02,190.09246826171875,192.65887532596588,189.37190180440743,192.52068429221174,50389300
2023-08-03,188.70069885253906,189.885195713569,188.22690312046603,189.09554118067888,61235200
2023-08-04,179.63929748535156,184.95967593788856,179.57019442385428,183.12370037395337,115956800
2023-08-07,176.5398406982422,180.7645556934903,175.0592158617292,179.77747246914834,97576100
2023-08-08,177.47756958007812,177.94149990785485,175.2862435821482,177.3689898212007,67823000
2023-08-09,175.8883819580078,178.59298065772126,174.7236157900662,178.53375806746422,60378500
2023-08-10,175.67120361328125,178.41529378720278,175.30598763799586,177.16169386807627,54686900
2023-08-11,175.73049926757812,176.5508864753638,174.5048729038775,175.2659575562626,52036700
2023-08-14,177.38116455078125,177.60849603671858,175.2560608313475,175.90841909398483,43675600
2023-08-15,175.39443969726562,177.40092323969566,174.99907927707545,176.8078826094104,43622600
2023-08-16,174.52464294433594,176.47180884084688,174.45544657600635,175.07815356283987,46964900
2023-08-17,171.98440551757812,175.4537406821077,171.47042491030345,175.08803154260252,66062900
2023-08-18,172.46876525878906,173.07169980381985,169.968073231539,170.30413115315332,61172200
2023-08-21,173.8031005859375,174.08974972921308,171.7274356199635,173.04203097276417,46311900
2023-08-22,175.17698669433594,175.62177093693052,174.2083431088137,175.00895776189057,42038900
2023-08-23,179.0219268798828,179.44695366375947,176.264252478764,176.45205395893973,52722800
2023-08-24,174.3368377685547,179.0021629998802,173.97111355320405,178.57713623123834,54945800
2023-08-25,176.54100036621094,177.07473842454561,173.78332608108835,175.3252527852027,51449600
2023-08-28,178.1027069091797,178.49806733287568,176.48170504077262,178.003859262239,43820700
2023-08-29,181.98716735839844,182.75813070921157,177.4206898063463,177.61837000977968,53003900
2023-08-30,185.47625732421875,185.67395259086382,182.5999782117213,182.79765839633507,60813900
2023-08-31,185.69374084472656,186.92926105598286,185.30825914209595,185.66408956621913,60794500
2023-09-01,187.2653350830078,187.7199980774023,186.09899615427736,187.29498636168424,45766500
2023-09-05,187.50253295898438,187.77928826308653,185.4367469097816,186.09898389331408,45280000
2023-09-06,180.79119873046875,186.66239298088038,179.3678770840619,186.21759365485326,81755800
2023-09-07,175.5031280517578,176.14560744791305,171.52969183696226,173.1506933397996,112488800
2023-09-08,176.115966796875,178.15211655476327,175.7304851357375,176.2840107997074,65551300
2023-09-11,177.28233337402344,178.21144703159865,175.2857283917044,177.9841155245434,58953100
2023-09-12,174.25778198242188,178.04341790139725,172.79493020499618,177.4108321261293,90370200
2023-09-13,172.19198608398438,175.24618840249718,171.96463950783718,174.46533118918654,84267900
2023-09-14,173.70425415039062,174.060084556446,171.56927171405846,171.98440467411754,60895800
2023-09-15,172.9827117919922,174.45545734300367,171.80650919609533,174.43568479625586,109259500
2023-09-18,175.90838623046875,177.3020563269988,174.12923452022085,174.4356410488132,67257600
2023-09-19,176.9956512451172,177.5491617634896,175.0781218907339,175.46360350760258,51826900
2023-09-20,173.45716857910156,177.61839243619755,173.3681996565953,177.1834868845125,58436200
2023-09-21,171.91519165039062,174.25774788080986,171.84601037143327,172.52801984046553,63149100
2023-09-22,172.76524353027344,175.0287248458324,172.03382526857388,172.6466384244914,56725400
2023-09-25,174.04029846191406,174.91998813589507,172.13264765845275,172.18207147695253,46172700
2023-09-26,169.96804809570312,173.1705067749598,169.67152023376326,172.7949188930673,64588900
2023-09-27,168.45578002929688,171.03554713361237,167.09177581326995,170.62041410420977,66921800
2023-09-28,168.7127685546875,170.03724268196555,165.6783234920371,167.37840061261642,56294400
2023-09-29,169.2267303466797,171.06518493104676,168.36679806748614,170.02734498983367,51861100
2023-10-02,171.73728942871094,172.28092127496365,168.94994891630552,169.2365980179806,52164500
2023-10-03,170.40292358398438,171.61868620307462,168.84123947337378,170.26454593815689,49594600
2023-10-04,171.6483612060547,172.19199313339385,168.98951921036945,169.10812432832188,53020300
2023-10-05,172.8838653564453,173.41760341955526,170.67968657288918,171.77682905786853,48527900
2023-10-06,175.43397521972656,175.9281832590251,171.17388925206592,171.78671747657816,57266700
2023-10-09,176.91659545898438,176.97589800927489,173.76354582426052,174.7618406122257,42390800
2023-10-10,176.3235321044922,177.63812721273464,175.88862664528037,176.0368980965743,43698000
2023-10-11,177.7172393798828,177.7666632072918,175.54272671219826,176.13576739500243,47551100
2023-10-12,178.61669921875,180.2278073787141,176.96603088257305,177.98411345020415,56743100
2023-10-13,176.7782440185547,179.82255265296823,176.0764618780152,179.31846581874476,51427100
2023-10-16,176.64971923828125,177.00554962273654,174.46531311220224,174.7025383958498,52517000
2023-10-17,175.097900390625,176.35319301979084,172.7751316803463,174.60369235668924,57549400
2023-10-18,173.8031005859375,175.5229501994882,173.08156098457755,173.5461178040648,54764400
2023-10-19,173.427490234375,175.7799102245973,173.16061367257353,174.00075828264139,59302900
2023-10-20,170.87738037109375,173.38795063159753,170.64015507731645,173.2792242572037,64244000
2023-10-23,170.9960174560547,171.99431247525374,167.961572219047,168.93023103826835,55980100
2023-10-24,171.43089294433594,171.65822442721412,169.4639394511676,171.045411263789,43816600
2023-10-25,169.1179962158203,171.05528327402416,168.6731969171006,169.88895954662036,57157000
2023-10-26,164.95677185058594,169.39476582537458,163.75090293239452,168.3964558542296,70625300
2023-10-27,166.27134704589844,167.00278034322866,164.8974493569631,164.9765244498122,58499100
2023-10-30,168.3173828125,169.18719386762373,166.91383366211736,167.06210513671374,51131000
2023-10-31,168.79185485839844,168.92033872091713,165.95508983700142,167.38830552985596,44846000
2023-11-01,171.95474243164062,172.2117251766134,168.14933458405196,169.01914553939386,56934900
2023-11-02,175.5131072998047,175.7206662977602,173.4275480935638,173.48685066440822,77334800
2023-11-03,174.60369873046875,174.77174274032964,171.34193765305042,172.22162738228718,79829200
2023-11-06,177.15380859375,177.35148879200258,174.16880291146146,174.33683183407777,63841300
2023-11-07,179.7138214111328,180.32663456302825,176.89682951103612,177.1043884447924,70530000
2023-11-08,180.7714385986328,181.32494925868284,179.48649451949703,180.23770048559436,49340300
2023-11-09,180.2969970703125,181.98718027395728,179.70394133589065,180.8406289798602,53763500
2023-11-10,184.48350524902344,184.6517706680945,181.64301825007877,182.07849676599454,66133400
2023-11-13,182.89993286132812,184.1172820619318,182.31600272709323,183.9094496896321,43627500
2023-11-14,185.51280212402344,186.17591157835597,184.38452385663774,185.77012344749633,60108400
2023-11-15,186.07691955566406,187.55160515956638,185.84928859059917,185.91857611582427,53790500
2023-11-16,187.7594757080078,188.9966236513369,186.7103615664657,187.6209157424311,54412900
2023-11-17,187.7396697998047,188.42257785422723,186.63119011836693,188.29390964052354,50922700
2023-11-20,189.48158264160156,189.93685974559065,187.92773262314063,187.93762437034974,46505100
2023-11-21,188.6798858642578,189.55084275358138,187.78914548337832,189.44197314241592,38134500
2023-11-22,189.343017578125,190.94635649331246,188.8679569924961,189.52117473642568,39617700
2023-11-24,188.01678466796875,188.93721542830764,187.30418629136327,188.9075250877743,24048300
2023-11-27,187.838623046875,188.7095799535061,186.95777439426936,187.9672912540552,40552600
2023-11-28,188.44235229492188,189.1153685705385,187.45263402635211,187.82873180101734,38415400
2023-11-29,187.42294311523438,190.11497800569174,187.02706184977393,188.93721085337887,43014200
2023-11-30,187.9969940185547,188.36320007044645,186.2550951920731,187.88812439803064,48794400
2023-12-01,189.2737274169922,189.59042941044567,187.2843840288066,188.37308016671426,45704800
2023-12-04,187.4823455810547,188.0959812462982,185.5227074160739,188.0266937107449,43389500
2023-12-05,191.43128967285156,192.4012092663407,188.22459731438218,188.2543027537032,66628400
2023-12-06,190.3426513671875,192.75755159573393,190.1348038567878,192.4507413057332,41089700
2023-12-07,192.27256774902344,192.99505783958267,191.5995514892092,191.63914867608756,47477700
2023-12-08,193.69775390625,193.97487379172213,191.67872033849463,192.20326977184553,53406400
2023-12-11,191.1937713623047,191.5005967167582,189.4518726145205,191.12449893522992,60943700
2023-12-12,192.70806884765625,192.71796059458774,189.7488055095461,191.09482308550778,52696900
2023-12-13,195.92465209960938,195.96423418895137,192.8466274130704,193.08415015292962,70404200
2023-12-14,196.07308959960938,197.56755876987646,194.14314196862804,195.9840185786185,66831600
2023-12-15,195.5386505126953,196.36010340669733,194.97450383643803,195.4990533238864,128538400
2023-12-18,193.87591552734375,194.60831249977454,192.39133809002112,194.0738561652729,55751900
2023-12-19,194.9151153564453,194.92500710230044,193.87590816937887,194.14313632648785,40714100
2023-12-20,192.8268280029297,195.6475162401682,192.8268280029297,194.87553713507947,52242800
2023-12-21,192.6783447265625,195.0536776254948,191.51048442189503,194.08375795359612,46482500
2023-12-22,191.6094512939453,193.40083883584492,190.98592398969686,193.1731927744169,37149600
2023-12-26,191.0651397705078,191.8964996004414,190.84740051477698,191.6193796571302,28919300
2023-12-27,191.16409301757812,191.5105004803971,189.12527563548673,190.5108903848591,48087700
2023-12-28,191.58970642089844,192.65860419850247,191.18391821699305,192.1439463570104,34049900
2023-12-29,190.5504913330078,192.40125999570787,189.75871355527508,191.90640077236304,42672100
2024-01-02,183.73130798339844,186.5025222946912,181.99930092657837,185.22577720716953,82488700
2024-01-03,182.35560607910156,183.96885182302105,181.5440297827802,182.32591573673892,58414500
2024-01-04,180.03965759277344,181.2075179249861,179.0202489631632,180.27718031693732,71983600
2024-01-05,179.31712341308594,180.88087986956805,178.3175135392025,180.11880778339463,62379700
2024-01-08,183.65213012695312,183.6917273170526,179.63387614033877,180.21780632812883,59144500
2024-01-09,183.2364501953125,183.24634194188326,180.85122540618832,182.0289926299427,42841800
2024-01-10,184.27565002441406,184.48348240733844,182.02898528742006,182.45457200324566,46792900
2024-01-11,183.6818389892578,185.12683453552387,181.73209248260326,184.6220684732307,49128400
2024-01-12,184.00843811035156,184.82001442518902,183.28594792653803,184.14699807850627,40477800
2024-01-16,181.74197387695312,182.36548612847807,179.0697224204938,180.28708678689063,65603000
2024-01-17,180.80172729492188,181.04915686376333,178.44620806884475,179.40623600410183,47317400
2024-01-18,186.6905975341797,187.1953485109901,183.91938283185837,184.17670419420983,78005800
2024-01-19,189.5904541015625,189.97644367310738,186.8786353534436,187.38338630026252,68903000
2024-01-22,191.896484375,193.32168117146784,190.2832386815117,190.32283587135973,60133900
2024-01-23,193.17323303222656,193.73737977781175,191.83712223283266,193.01488956324005,42355600
2024-01-24,192.50021362304688,194.36088890095834,192.34185506707502,193.41075266703035,53631300
2024-01-25,192.17359924316406,194.2520137003454,191.124500268323,193.21280647175473,54822100
2024-01-26,190.4416046142578,192.75754194727924,189.9665440310004,192.2725896171282,44594000
2024-01-29,189.75868225097656,190.22385105233468,187.63079398239137,190.03580216218106,47145600
2024-01-30,186.10662841796875,189.82797900977772,185.54249682198056,188.97682064057707,55859400
2024-01-31,182.5040740966797,185.17632596329628,182.45460025625744,185.1169301713608,55467800
2024-02-01,184.93878173828125,185.0278527702626,181.93004443231115,182.09829474891072,64885400
2024-02-02,183.93914794921875,185.40392677166545,177.4070012757119,178.01073002917815,102551700
2024-02-05,185.75033569335938,187.3042007769885,183.92925752426459,186.21550453356022,69668800
2024-02-06,187.35366821289062,187.36355995873058,184.8496822422945,184.93875326056028,43490800
2024-02-07,187.46253967285156,189.08567701882757,186.6707620426896,188.67988890685803,53439000
2024-02-08,186.38377380371094,187.59121634154823,185.42374576060666,187.44276462432762,40962000
2024-02-09,187.1468048095703,188.2765227675386,186.30446474496694,186.9485964735415,45155200
2024-02-12,185.46212768554688,186.96842336096995,185.1053738445565,186.72067805809255,41781900
2024-02-13,183.3711700439453,184.53063145226378,181.85496988989732,184.09459726813964,56529500
2024-02-14,182.4892120361328,183.8567711565096,180.79464237244255,183.6486735380374,54630500
2024-02-15,182.20179748535156,182.82612045767794,179.71444020641266,181.89459574378543,65434500
2024-02-16,180.66578674316406,183.18288755084293,180.03155935687485,181.76577652013776,49752500
2024-02-20,179.92254638671875,180.78469520216953,178.3766181157698,180.15046783149373,53665600
2024-02-21,180.67572021484375,181.24057170015067,179.03068760645021,180.29914247718926,41371400
2024-02-22,182.7071990966797,183.29188949706392,180.8144364958238,181.82522643308513,52292200
2024-02-23,180.8739013671875,183.3711632214272,180.58650833781007,183.34143499372246,45119700
2024-02-26,179.52615356445312,181.11171437415507,179.0207434868858,180.59641504961763,40867400
2024-02-27,180.98289489746094,182.2612539462515,177.94057546451762,179.4666949255866,54318900
2024-02-28,179.78382873535156,181.4684939502017,178.50546948959806,180.86399474191828,48953900
2024-02-29,179.119873046875,180.92346630197014,177.9108746304469,179.63518756564144,136682600
2024-03-01,178.03968811035156,178.90183692569335,175.78025215753124,177.93067957222544,73563100
2024-03-04,173.5208282470703,175.30458245485661,172.2226300679557,174.56134649455421,81510100
2024-03-05,168.58572387695312,170.48840604509627,168.0902332564625,169.21995126633416,95132400
2024-03-06,167.59474182128906,169.69563232435493,167.15870765798908,169.5172478388351,68587700
2024-03-07,167.47584533691406,169.19023880968834,166.9704503005263,167.6244864884472,71765100
2024-03-08,169.1902313232422,172.13344696276567,167.41638146834518,167.47583792632756,76267000
2024-03-11,171.19200134277344,172.8073055285168,170.49831753088682,171.3802901891083,60139500
2024-03-12,171.66766357421875,172.46045153320196,169.4676841705973,171.58838326620315,59825400
2024-03-13,169.5865936279297,171.62801219203826,169.21992035335214,171.2118019614,52488700
2024-03-14,171.4397430419922,172.73792596009017,170.49831395125625,171.35055836544484,72913500
2024-03-15,171.0631561279297,171.0631561279297,168.75416830335303,169.6262365278927,121752700
2024-03-18,172.15322875976562,176.10724858241537,171.9550355745247,173.98654974587862,75604200
2024-03-19,174.4919891357422,175.0172080151,171.46949314620932,172.76767622994936,55215200
2024-03-20,177.05862426757812,177.05862426757812,173.51090945491785,174.1352325028599,53423100
2024-03-21,169.82444763183594,175.8892630091755,169.29922879245808,175.45322885093574,106181300
2024-03-22,170.72625732421875,171.48931715990707,168.5262776263353,170.210942813777,71160100
2024-03-25,169.30914306640625,170.3893089389317,167.92176032191367,169.03166954174233,54288300
2024-03-26,168.17942810058594,169.87399750483326,168.0505957042821,168.4668059986792,57388400
2024-03-27,171.7469482421875,172.0343412561863,168.575811446925,168.87310882923745,60273300
2024-03-28,169.93345642089844,170.67669234048742,168.97220342186947,170.20102558587905,65672700
2024-04-01,168.49656677246094,169.70556529403075,167.95152397647846,169.64610882922833,46240500
2024-04-02,167.31727600097656,167.81276664190898,166.71277681419204,167.5551169522469,49329500
2024-04-03,168.11996459960938,169.14067408704202,167.05962251511946,167.2677201117247,47691700
2024-04-04,167.29747009277344,170.3695030458197,167.29747009277344,168.75419869027797,53704400
2024-04-05,168.05059814453125,168.85329051832247,167.42627513328318,168.06050251317026,42104800
2024-04-08,166.9307861328125,167.67402205960258,166.72268854116854,167.50555706407098,37425500
2024-04-09,168.13978576660156,168.5460917055098,166.83169838821917,167.17853275073267,42373800
2024-04-10,166.26681518554688,167.56499806522814,165.60285963338822,167.27762018668898,49709300
2024-04-11,173.4613494873047,173.87757491447604,166.64340884278624,166.8217782077108,91070300
2024-04-12,174.95774841308594,176.7514221146486,172.63885584160187,172.68839280877705,101670900
2024-04-15,171.1325225830078,175.0369903996079,170.9442337612168,173.77844021277133,73531800
2024-04-16,167.85240173339844,172.19288913903023,166.7524119884344,170.20102235595408,73711200
2024-04-17,166.48486328125,169.11095775477588,166.48486328125,168.08034382587564,50901200
2024-04-18,165.53347778320312,167.11905360596796,165.04790671737481,166.51455452467067,43122900
2024-04-19,163.5119171142578,164.89928490796945,162.60021611822233,164.71101115974596,68149400
2024-04-22,164.3443145751953,165.75150603037284,163.28397258003716,164.0272084619306,48116400
2024-04-23,165.39476013183594,165.54341638804536,163.43262154349364,163.85875133255257,49537800
2024-04-24,167.49562072753906,167.7730942108889,164.71096640602562,165.03797684476805,48251800
2024-04-25,168.35780334472656,169.07131105182287,166.63349053238153,168.0010494911784,50558300
2024-04-26,167.7731170654297,169.79471202253325,167.6541890412428,168.3478879652858,44838400
2024-04-29,171.93524169921875,174.44242297655094,171.53885525962073,171.80640930182136,68169400
2024-04-30,168.7938232421875,173.4117990890393,168.46679764398493,171.76676673002254,65934800
2024-05-01,167.7731170654297,171.15236652369296,167.58482822154218,168.05059058657778,50383100
2024-05-02,171.469482421875,171.8559644998941,169.34878317714927,170.95416794412498,94214900
2024-05-03,181.7261505126953,185.313497878847,181.01264278710423,184.9666483851495,163224100
2024-05-06,180.07119750976562,182.53873097916653,178.79282331517493,180.7054248623681,78569700
2024-05-07,180.75497436523438,183.23242749590466,179.68472791941784,181.79550770435065,77305800
2024-05-08,181.0919189453125,181.4189445721307,179.81354466582562,181.20092748758523,45057100
2024-05-09,182.90541076660156,182.99459544718977,180.4675903156434,180.91352883975787,48983000
2024-05-10,181.6451416015625,183.669478466616,180.73220418072017,183.48093424482693,50759500
2024-05-13,184.85035705566406,185.6640710757596,183.2030934113359,184.01680743143146,72044800
2024-05-14,185.99154663085938,186.8548800445926,184.8602962551219,186.0709344816443,52393600
2024-05-15,188.2639617919922,189.1868170758504,185.93199122253947,186.46785537715886,70400000
2024-05-16,188.383056640625,189.6333963773736,188.20444533062346,189.0082265089993,52845200
2024-05-17,188.41281127929688,189.34559954047234,187.72810435814964,188.0555735439889,41282900
2024-05-20,189.57382202148438,190.44707314635468,187.5594028379898,187.87695420764547,44361300
2024-05-21,190.873779296875,191.25085261805762,189.4547462309282,189.62343971650407,42309400
2024-05-22,189.4348907470703,191.34016861791716,188.80973611420333,190.79438668312676,34648500
2024-05-23,185.44577026367188,189.5341459487459,185.19768892080702,189.51429520164533,51005900
2024-05-24,188.52194213867188,189.11734333076396,186.59682877814635,187.37085638453854,36327000
2024-05-28,188.53189086914062,191.5187845976106,187.64872194997955,190.04021443649896,52280100
2024-05-29,188.82957458496094,190.7745388343773,188.05556206266323,188.15480064928906,53068000
2024-05-30,189.82188415527344,190.70505299300459,189.16696101953212,189.2959530014381,49889100
2024-05-31,190.77456665039062,191.09211806054816,188.45252874493116,189.9707854632458,75158300
2024-06-03,192.54087829589844,193.49351725389894,191.04247253185534,191.41954585254337,50080500
2024-06-04,192.85842895507812,193.82098571162214,191.54855228534223,193.14619663099631,47471400
2024-06-05,194.36676025390625,195.38885414673365,193.3744349100596,193.90036613096368,54156800
2024-06-06,192.98739624023438,194.9918973380364,192.6797778579425,194.18811636709813,41181800
2024-06-07,195.37893676757812,195.42855606321456,192.65004206608782,193.1561225415401,53103900
2024-06-10,191.6378631591797,195.7857909182053,190.6753063763642,195.3888517006261,97010200
2024-06-11,205.56016540527344,205.57009834825277,192.14393919328205,192.16377479587797,172373300
2024-06-12,211.43478393554688,218.5100538646653,205.3121227860245,205.7785169434978,198134300
2024-06-13,212.5957794189453,215.08651049080893,209.97604121171418,213.09194207290335,97862700
2024-06-14,210.8592071533203,213.51863167298376,209.67833763090172,212.20877015870124,70122700
2024-06-17,215.00714111328125,217.26964179829142,211.08745883873982,211.7324642876032,93728300
2024-06-18,212.64540100097656,216.95210469802018,211.36530791117931,215.92007781385274,79943300
2024-06-20,208.0707550048828,212.59577094768608,207.2471383568116,212.28813739547695,86172500
2024-06-21,205.89759826660156,210.26382387597764,205.5205097773767,208.77533580800622,241805100
2024-06-24,206.54258728027344,211.0675882243761,205.00448003735443,206.12581247138846,80727000
2024-06-25,207.46546936035156,209.75773850908567,207.0089930344414,207.54484206411715,55549700
2024-06-26,211.6133575439453,213.21100178687283,209.02338806048346,209.87678837301024,66213200
2024-06-27,212.45684814453125,214.0842609953053,210.72027890747495,213.0423164247351,49772700
2024-06-28,209.00355529785156,214.41174043740799,208.68601906723538,214.1140398112984,82542700
2024-07-01,215.0865020751953,215.84066382869798,210.29356920849017,210.4622626872336,60402900
2024-07-02,218.57948303222656,218.6886394133838,213.44916340119858,214.49109278116705,58046200
2024-07-03,219.8496856689453,219.8496856689453,217.34902153194005,218.31157833867707,37369800
2024-07-05,224.6029052734375,224.71206166235044,219.94889718329503,219.94889718329503,60412400
2024-07-08,226.07156372070312,226.1013322692385,221.53662969916704,225.34715532852172,59085900
2024-07-09,226.9249725341797,227.63944805659358,224.63270320880366,226.18072846013894,48076100
2024-07-10,231.19195556640625,231.29119415797783,227.49058625437067,227.54020555015646,62627700
2024-07-11,225.823486328125,230.60648662367137,224.03729767642758,229.61416127735984,64710600
2024-07-12,228.7706756591797,230.8545649156238,226.92494993371525,227.16311346469493,53046500
2024-07-15,232.60107421875,235.40935699641528,231.3011303310065,234.66511292556817,62631300
2024-07-16,233.01785278320312,234.4567215545301,230.54695713829173,233.19646408342908,43234300
2024-07-17,227.1234130859375,229.68361410453295,224.90059902579642,227.6890306172661,57345900
2024-07-18,222.45950317382812,228.67146993188885,220.5641731481692,228.51269423226466,66034600
2024-07-19,222.58847045898438,225.05936573868797,221.56637668093765,223.09456601818903,49151500
2024-07-22,222.24118041992188,226.03185518490554,221.37784711424985,225.2677604657143,48201800
2024-07-23,223.28311157226562,225.19830728583617,220.97099179310993,222.64802398231987,39960300
2024-07-24,216.86277770996094,223.0747441599071,215.46361045876344,222.280880842846,61777600
2024-07-25,215.82086181640625,219.15507584516317,212.97287755450526,217.24979770728694,51391200
2024-07-26,216.2872314453125,217.80548795978973,214.35218497553956,217.02154248476683,41601300
2024-07-29,216.56507873535156,217.61694112977094,214.09418328948692,215.29490356378676,36311800
2024-07-30,217.1208038330078,218.63906050664175,214.4613638470993,217.50781013919521,41643800
2024-07-31,220.3756103515625,222.10226187087767,218.93674165630796,219.7405227481965,50036300
2024-08-01,216.6841583251953,222.7571844619209,215.35444602521784,222.64802807062824,62501000
2024-08-02,218.17263793945312,223.86859053089324,216.03914463167754,217.46808032420208,105568600
2024-08-05,207.66397094726562,211.86150376103222,194.49580673143942,197.56208903008854,119548600
2024-08-06,205.63954162597656,208.37836879765962,199.52683006010076,203.7243613076265,69660500
2024-08-07,208.20970153808594,212.00037630720823,204.80601788828693,205.31209833985366,63516400
2024-08-08,211.67294311523438,212.5561121759152,207.22732925913098,211.47448105000998,47161100
2024-08-09,214.58045959472656,215.11630867247783,210.34322570654538,210.47223285968454,42201600
2024-08-12,216.11038208007812,218.07745621052726,214.19298467780987,214.65991863613397,38028100
2024-08-13,219.82598876953125,220.44193777769505,217.58072790378117,217.58072790378117,44155300
2024-08-14,220.27305603027344,221.57450454206742,218.2662343099079,219.13056699635618,41960600
2024-08-15,223.2534637451172,223.87935717471936,221.30624816369337,223.13425172393934,46414000
2024-08-16,224.57479858398438,225.34970708383625,222.19045191126241,222.45869413327577,44340200
2024-08-19,224.41583251953125,224.51518597934856,221.58442566604344,224.2469437652095,40687800
2024-08-20,225.0317840576172,225.68748051768907,223.97870407222223,224.29662301984854,30299000
2024-08-21,224.92250061035156,226.4921913011218,223.58131984717622,225.04172779494317,34765500
2024-08-22,223.06471252441406,226.84984597984075,222.43881906323927,226.30343225653021,43695300
2024-08-23,225.35964965820312,226.73064869689995,222.8660352522939,224.18735755669383,38677300
2024-08-26,225.69740295410156,225.79675641202357,222.4288803537143,225.28014571740593,30602200
2024-08-27,226.5418701171875,227.35652605602343,223.4223624308928,224.52511915345738,35934600
2024-08-28,225.01193237304688,228.35993491185639,224.20720569696516,226.43259292076607,38052200
2024-08-29,228.29037475585938,231.39995310375193,227.3863249726349,228.59836441740794,51906300
2024-08-30,227.50555419921875,228.8964117856607,225.99546942021698,228.68779072729976,52990800
2024-09-03,221.31619262695312,227.50553099413642,219.7266282681139,227.05847075546578,50190600
2024-09-04,219.40872192382812,220.33264539565292,216.06070449558098,220.2134333758585,43840200
2024-09-05,220.9287567138672,224.0085170705176,220.07436845302396,220.1836512012438,36615400
2024-09-06,219.37890625,223.77005891628232,218.3357556594125,222.48846914066658,48423000
2024-09-09,219.46835327148438,219.82600453136772,215.29576534565257,219.37894424631622,67180000
2024-09-10,218.67352294921875,220.03457723056852,215.31557658939573,217.49128667890437,51591000
2024-09-11,221.2069091796875,221.63409569372266,216.46803428284608,220.01474349397893,44587100
2024-09-12,221.31619262695312,222.09110108310472,218.38544755210194,221.04795042006705,37455600
2024-09-13,221.04794311523438,222.57788625371046,220.461797151476,222.12089674811224,36766600
2024-09-16,214.90830993652344,215.80243050187988,212.52396316355507,215.12686027714844,59357400
2024-09-17,215.37521362304688,215.48449636527135,213.10016491936787,214.34200737227792,45519300
2024-09-18,219.24978637695312,221.25660816461058,216.12033408306178,216.13027852526886,59894900
2024-09-19,227.37637329101562,228.32018565098164,223.16405353373213,223.52170475455895,66781300
2024-09-20,226.7107391357422,231.56882586153637,226.13452245924367,228.46919216926284,318679900
2024-09-23,224.99203491210938,227.95258288382507,224.336338501163,225.8563523524968,54146000
2024-09-24,225.88616943359375,227.85325878901892,224.25687274556688,227.15781488965328,43556100
2024-09-25,224.89268493652344,225.80667911779153,222.5580303354434,223.46208007568333,42308700
2024-09-26,226.03518676757812,227.00878694842402,223.93895622483703,225.81662129607273,36636700
2024-09-27,226.30343627929688,228.02215721764472,225.81664372013879,226.9690772008412,34026000
2024-09-30,231.4794464111328,231.4794464111328,228.15130238402674,228.53875664504176,54541900
2024-10-01,224.73374938964844,228.15128705136544,222.2798675150603,228.02214574584622,63285000
2024-10-02,225.30001831054688,225.8861642954019,221.56456176324298,224.41582711263038,32880600
2024-10-03,224.19725036621094,225.3298099915582,221.86259582618194,223.6707104185886,34044200
2024-10-04,225.3199005126953,226.5120662505933,222.66732681912907,226.41271278943105,37245100
2024-10-07,220.24325561523438,224.2171516536621,219.8856043654075,223.0349151567562,39505400
2024-10-08,224.296630859375,224.50525191173782,221.79307211654884,222.83622285599392,31855700
2024-10-09,228.04200744628906,228.25064364916537,223.36275355639287,223.7601370790405,33591100
2024-10-10,227.54527282714844,228.00227752622936,225.68748134269669,226.29350107451606,28183500
2024-10-11,226.06500244140625,227.91286461183438,225.85636623992795,227.80358186995707,31759200
2024-10-14,229.79051208496094,230.21769857807328,227.10813563369229,227.20747392643057,39882100
2024-10-15,232.3238983154297,235.9401430278398,230.85354589755886,232.08545910083197,64751400
2024-10-16,230.26739501953125,230.60517253033711,228.34005309673006,230.0885769817669,34082200
2024-10-17,230.6349639892578,232.3238817771462,229.01561181125544,231.90660939150177,32993800
2024-10-18,233.4663543701172,234.63864623478992,232.48280980290272,234.63864623478992,46431500
2024-10-21,234.93670654296875,235.3043021987925,232.91995571367772,232.91995571367772,36254500
2024-10-22,234.32078552246094,234.67843677993508,231.0820656392084,232.36364046895116,38846600
2024-10-23,229.2540283203125,233.6054487889833,226.2736066643371,232.552368896012,52287000
2024-10-24,229.06529235839844,229.31366084202813,226.91938502162782,228.4791312160334,31109500
2024-10-25,229.89979553222656,231.6979808399029,228.07180722071536,228.24069596218243,38802300
2024-10-28,231.87681579589844,233.19813797949908,231.032372026897,231.7973512193415,36087100
2024-10-29,232.14508056640625,232.80077708078602,230.8038996879506,231.57880823795904,35417200
2024-10-30,228.59835815429688,231.94636045913163,228.05194445904854,231.09197226998216,47070900
2024-10-31,224.43572998046875,228.33014650168323,223.8992454954501,227.84333875182722,64370100
2024-11-01,221.4552764892578,223.87935529424118,218.83250593091054,219.5279346472888,65276700
2024-11-04,220.56112670898438,221.33603510883145,218.27614895309117,219.54779428408165,44944500
2024-11-05,221.9917449951172,222.4884819564664,219.6968226591573,220.35251908634842,28111300
2024-11-06,221.26651000976562,224.59465366535846,219.7464961432124,221.15722727351368,54561100
2024-11-07,225.99546813964844,226.39286684724487,223.10447023283905,223.16407624917585,42137700
2024-11-08,225.72691345214844,227.41767417057122,225.17989861433574,225.93576400556717,38328800
2024-11-11,223.01174926757812,224.47376393957063,220.29658566640109,223.77757009002366,42005600
2024-11-12,223.01174926757812,224.36436096493557,222.14648085284745,223.33001798502116,40398300
2024-11-13,223.89691162109375,225.4185978724207,221.54973296285615,222.79294167641658,48566200
2024-11-14,226.98007202148438,227.62653447284012,223.77756520755418,223.7974607959322,44923900
2024-11-15,223.777587890625,225.68715481951833,223.05155818805096,225.16997570047775,47923700
2024-11-18,226.7811737060547,228.49183017609323,223.94665165924164,224.0262188410909,44633700
2024-11-19,227.03973388671875,228.90952454109907,225.42854034251505,225.7467938634959,36211800
2024-11-20,227.75584411621094,228.68078414631773,224.6627401240164,226.82094870348703,35169600
2024-11-21,227.27845764160156,228.90954693288327,224.48372676835862,227.63650237265796,42108300
2024-11-22,228.62112426757812,229.46651233539,226.82096032466632,226.82096032466632,38168300
2024-11-25,231.6048126220703,231.98275293866183,228.49182822914253,230.20248468460477,90152800
2024-11-26,233.7829132080078,234.29015208323423,232.06231657216094,232.06231657216094,45986200
2024-11-27,233.65362548828125,234.4095061449918,232.53971526898803,233.19613315216662,33498400
2024-11-29,236.04058837890625,236.51797629056327,232.698842645531,233.5342752849028,28481400
2024-12-02,238.28829956054688,239.4817769036961,235.8715090788613,235.9809120539101,48137100
2024-12-03,241.3316650390625,241.44106801091166,237.60203896586935,238.5070985351772,38861000
2024-12-04,241.68972778320312,242.78375758332757,239.9392952788925,241.55048900644988,44383900
2024-12-05,241.7195587158203,243.21140922639395,240.81451427308068,242.6644095132275,40033900
2024-12-06,241.5206298828125,243.30091318780651,240.76476447856876,241.59025685240857,36870600
2024-12-09,245.40940856933594,245.89675186527563,240.43657354260168,240.516140724136,44649200
2024-12-10,246.42385864257812,246.86147053083658,244.00705305092782,245.54863486606115,36914800
2024-12-11,245.1508026123047,249.43738355757404,244.92204129682997,246.61281718111218,45205800
2024-12-12,246.61282348632812,247.38858448031883,244.3451969163318,245.54862958315107,32777500
2024-12-13,246.7819061279297,247.9355922748061,244.90217516923994,246.47359279661413,33155300
2024-12-16,249.67608642578125,250.01425073054844,246.3045049916291,246.6426692963963,51694800
2024-12-17,252.1028289794922,252.45093348613432,248.42293425963442,248.72130738305802,51356400
2024-12-18,246.7023468017578,252.89849494785605,246.39403346062903,250.7900177691265,56774100
2024-12-19,248.43289184570312,250.63089166027345,245.74756389880645,246.15534002348284,60882300
2024-12-20,253.10736083984375,253.6145845456153,244.35516822034685,246.69239156062656,147495300
2024-12-23,253.88311767578125,254.26104280923545,252.07299848460428,253.38583418491564,40858800
2024-12-24,256.7972106933594,256.80713572411884,253.90300191480816,254.10192745486222,23234700
2024-12-26,257.61273193359375,258.6868812844183,256.23029959445824,256.78725468311694,27237100
2024-12-27,254.2013702392578,257.29448932345014,251.68511699924173,256.42919055718573,42355300
2024-12-30,250.82977294921875,252.1227129740064,249.3876539575231,250.85960874260036,35557500
2024-12-31,249.05946350097656,251.90392569582917,248.07483671879714,251.0684930674946,39480700
2025-01-02,242.52516174316406,247.74663833648884,240.50619200781614,247.57754859678104,55740700
2025-01-03,242.03782653808594,242.85336358935695,240.5758118291158,242.03782653808594,40244100
2025-01-06,243.66891479492188,245.98625772407811,241.87869116125097,242.98266113735735,45045600
2025-01-07,240.89407348632812,244.215923537777,240.0387452815234,241.6598791297847,40856000
2025-01-08,241.38140869140625,242.38593107741448,238.74581220273618,240.6056476428208,37628900
2025-01-10,235.5631866455078,238.85520080045117,231.73409784256125,238.70600665338932,61710900
2025-01-13,233.12649536132812,233.39503269669683,228.47192915300568,232.2612269401141,49630700
2025-01-14,232.01258850097656,234.8371551382162,231.20699165927476,233.47460320476435,39435300
2025-01-15,236.57765197753906,237.66174156203553,233.15633900368562,233.36520475508792,39832000
2025-01-16,227.01986694335938,236.71689557722044,226.79112077355302,236.06049286491137,71759100
2025-01-17,228.7305145263672,231.0279618693864,227.2386640256131,230.85888730040747,68488300
2025-01-21,221.43040466308594,223.20073277609362,218.18812158355374,222.78301644137267,98070400
2025-01-22,222.61392211914062,222.90233985709415,218.59586314481808,218.59586314481808,64126500
2025-01-23,222.44485473632812,225.7965406078772,221.09224303438072,223.51898889751178,60234800
2025-01-24,221.5696258544922,224.4041477572621,220.2070739772995,223.55875977197638,54697900
2025-01-27,228.6111602783203,230.88871192185238,222.76310174211312,222.80289291870474,94863400
2025-01-28,236.9655303955078,238.88505261672515,229.5560092044273,229.59580038333414,75707600
2025-01-29,238.05953979492188,238.5568232574634,232.73860067537262,232.84800364416722,45486100
2025-01-30,236.2991485595703,239.48175963713217,235.92122345328548,237.3732826437262,55658300
2025-01-31,234.71780395507812,245.8470107317681,232.1717149504871,245.8470107317681,100959800
2025-02-03,226.7711944580078,230.5704473180637,224.4737473364884,228.7404478557844,73063300
2025-02-04,231.53518676757812,231.8633956790269,225.4185909783935,226.01533721300711,45067300
2025-02-05,231.2069854736328,231.4058958330951,227.0298072213747,227.2883891710869,39620300
2025-02-06,231.95289611816406,232.52974674745317,229.1780459389265,230.03337408912944,29925300
2025-02-07,226.39328002929688,232.72866665415378,226.0252799376335,231.33627899238985,39707200
2025-02-10,226.66209411621094,229.58933825388894,226.21404995469493,228.57377553913867,33115600
2025-02-11,231.6105499267578,234.20922454356437,227.1400438259152,227.2097321635687,53718400
2025-02-12,235.84210205078125,235.93172304376256,229.67896101319025,230.19670873650108,45243300
2025-02-13,240.48187255859375,241.28835511000761,234.54774465400956,235.8819260401158,53614100
2025-02-14,243.53855895996094,244.484433375407,239.94422402720738,240.2030902821229,40896200
2025-02-18,243.40911865234375,244.11602908498713,240.7905267294893,243.0905000064508,48822500
2025-02-19,243.80738830566406,244.94244069837237,242.10481731288857,243.59830810290342,32204200
2025-02-20,244.7632293701172,245.7091038330044,243.2299036494767,243.87709210808563,32316900
2025-02-21,244.48443603515625,247.61080936192474,244.15586625078134,244.88269415360097,53197400
2025-02-24,246.0277099609375,247.7800669312537,243.3593319822528,243.86711335623195,51326400
2025-02-25,245.9679718017578,248.91513366913293,243.84722519384715,246.92381259977986,48013300
2025-02-26,239.3169403076172,243.91688660847365,238.09228223905913,243.26971340939616,44433600
2025-02-27,236.27024841308594,241.40786042901627,236.0312844149354,238.37109275336516,41153600
2025-02-28,240.79052734375,241.03944246427386,229.2010399398617,235.92174819400608,56833400
2025-03-03,236.9970703125,242.97103338088397,235.08540395372597,240.7407483660274,47184000
2025-03-04,234.9061737060547,239.02822274747484,233.6615980851158,236.6784633674393,53798100
2025-03-05,234.7169952392578,235.5234777567522,228.23523611666363,234.3983766092207,47227600
2025-03-06,234.30877685546875,236.82779659290307,232.14819548977783,233.42263965762712,45170400
2025-03-07,238.03256225585938,240.32256924437755,233.74125275300776,234.08974000390756,46273600
2025-03-10,226.49285888671875,235.13520040766255,223.24701094546666,234.51788053236876,72071200
2025-03-11,219.8816680908203,224.85997074742775,216.5063794973434,222.83878108425105,76137400
2025-03-12,216.0384063720703,220.78771110845915,213.9773970817033,219.18469713036333,62547500
2025-03-13,208.7700958251953,215.89902897504837,207.51556900756947,215.01289169752292,61368300
2025-03-14,212.56358337402344,213.0215787344478,208.6705468475424,210.33329819835652,60107600
2025-03-17,213.07135009765625,214.28605714072168,209.0588394397278,212.3843419118567,48073400
2025-03-18,211.7670135498047,214.21632963340127,210.57222410469132,213.23063555765447,42432400
2025-03-19,214.3059539794922,217.81066771448715,212.82241448637808,213.29037609854922,54385400
2025-03-20,213.17091369628906,216.5462020975973,211.29906714235267,213.0613904363763,48862900
2025-03-21,217.3227996826172,217.89031821027265,210.3631280198309,210.64191171632342,94127800
2025-03-24,219.7721405029297,220.5188858867363,217.63147647971348,220.04097309502072,44299500
2025-03-25,222.77903747558594,223.12752472855482,219.1249652538438,219.81197343150768,34493600
2025-03-26,220.56866455078125,224.04352508950674,219.51326687455483,222.5400680439697,34466100
2025-03-27,222.87860107421875,224.0136533961419,219.6028696378956,220.4292696466093,37094800
2025-03-28,216.9544219970703,222.8387793372666,216.73537546649092,220.7080664246457,39818600
2025-03-31,221.1660614013672,224.6409066608951,215.29165561007284,216.0682695484103,65299300
2025-04-01,222.22146606445312,222.70932997882656,217.95007407622174,218.85612876373423,36412700
2025-04-02,222.91842651367188,224.21278818927524,220.06088576879955,220.3595869543347,35905900
2025-04-03,202.30825805664062,206.58960121618028,200.37667426890133,204.64805110026137,103419000
2025-04-04,187.56253051757812,199.01262630823254,186.52703508606032,193.0486144227304,125910900
2025-04-07,180.6725616455078,193.30748067285785,173.86223225537526,176.43103817745248,160466300
2025-04-08,171.67178344726562,189.5140179775097,168.47572171547168,185.88981432593783,120859500
2025-04-09,197.98709106445312,199.7394480269994,171.14407803694525,171.20381523449285,184395900
2025-04-10,189.5936737060547,193.93475416517637,182.20587449762067,188.24954112448538,121880000
2025-04-11,197.2901153564453,198.67408279715283,185.2525839628914,185.2924188893916,87435900
2025-04-14,201.64117431640625,212.01595519155484,200.28707539108044,210.52246440005902,101352900
2025-04-15,201.2628173828125,202.62686743682656,198.93297540670014,200.98403365195668,51343900
2025-04-16,193.42697143554688,199.82906121923162,191.5352073519423,197.49921927320653,59732400
2025-04-17,196.12521362304688,197.96719174329118,193.5763250102755,196.34426016251078,52164700
2025-04-21,192.32177734375,192.958999427942,188.98630873883343,192.43130060162235,46742500
2025-04-22,198.8732452392578,200.715208155226,195.1196006832811,195.26894368988752,52976400
2025-04-23,203.71214294433594,207.09738254349836,201.9199510184256,205.10606155750318,52929200
2025-04-24,207.4657745361328,207.92378505310097,202.0593452871763,204.00088023313933,47311000
2025-04-25,208.371826171875,208.8397878176709,205.30519003897632,205.47445049920006,38222300
2025-04-28,209.2281036376953,210.5822025692478,206.55974070372147,209.08871177088434,38743100
2025-04-29,210.29345703125,211.31898611202763,207.46576971677675,207.78438836336602,36827600
2025-04-30,211.57785034179688,212.65316547487808,205.7731479657814,208.39173986928208,52286500
2025-05-01,212.39430236816406,213.62891164873253,207.99346964638974,208.1726964341785,57365700
2025-05-02,204.45889282226562,206.0917754590827,201.2827333487594,205.19567188008233,101010600
2025-05-05,198.02691650390625,203.21431440062256,197.34987465543003,202.21865389928206,69018500
2025-05-06,197.64854431152344,199.77925700053618,196.165020010421,197.3498583398735,51216500
2025-05-07,195.3983612060547,198.5745204381265,192.4113798882551,198.30568786560423,68536700
2025-05-08,196.63299560546875,199.18188402861682,193.83517686729027,196.86199326420865,50478900
2025-05-09,197.66848754882812,199.66975978270045,196.68277813613466,198.13644922219603,36453900
2025-05-12,210.15048217773438,210.62903686932515,206.12274573806786,210.32994399020487,63775800
2025-05-13,212.2840118408203,212.7525871854542,208.36594186281494,209.7915962682986,51909300
2025-05-14,211.68582153320312,213.29093762104833,209.94113079478424,211.78550901932945,49325800
2025-05-15,210.8084716796875,212.31390017581901,208.90426284202815,210.3099886465303,45029500
2025-05-16,210.6190643310547,211.92510277199543,209.1335944967917,211.71573318604425,54737900
2025-05-19,208.14659118652344,208.84446444770495,203.64029993754312,207.27923550566183,46140500
2025-05-20,206.232421875,207.83753801206538,204.40797196423648,207.03996203611737,42496600
2025-05-21,201.4768829345703,206.41186226922272,200.10108001028593,204.5475404614086,59211800
2025-05-22,200.7490997314453,202.1348820380274,199.09413231135568,200.1010778345708,46742400
2025-05-23,194.67758178710938,197.10020219746903,192.8730755135501,193.0824298832746,78432900
2025-05-27,199.60260009765625,200.1309909415137,196.83102019804124,197.6983910952664,56288500
2025-05-28,199.81195068359375,202.11494001836002,199.2935240345892,199.98143310081724,45339700
2025-05-29,199.3433837890625,203.19167383577107,197.90775006205254,202.9623758748587,51396800
2025-05-30,200.24066162109375,201.3472946799051,196.18300200128658,198.7651407343476,70819900
2025-06-02,201.08807373046875,201.51677709467234,199.51286535414474,199.67238359256916,35423300
2025-06-03,202.6533203125,203.1518034040851,200.35033086337637,200.73914706631285,46381600
2025-06-04,202.20468139648438,205.6143037964219,201.48686455307688,202.29440469878628,43604000
2025-06-05,200.02133178710938,204.12882762641604,199.54277706238673,202.88261988754903,55126100
2025-06-06,203.30133056640625,205.07592905349443,201.4370087789868,202.3841235560851,46607700
2025-06-09,200.83883666992188,205.37503589356555,199.4131823149893,203.76991971327615,72862600
2025-06-10,202.05511474609375,203.73002568042446,199.96149509379936,199.9914028593682,54672600
2025-06-11,198.17694091796875,203.8795888248368,197.8080682902945,202.88262262031438,60989900
2025-06-12,198.5956573486328,199.07419684911244,196.7612432530472,198.47602627663701,43904600
2025-06-13,195.85398864746094,199.76209396079906,195.1062640673262,199.12403626091725,51447300
2025-06-16,197.8180389404297,198.08722408394675,195.96368113091867,196.7014416228738,43020700
2025-06-17,195.0464630126953,197.7881200100286,194.61777485692886,196.60172782081946,38856200
2025-06-18,195.9835968017578,196.97059871241268,194.4781834746436,195.34553910938874,45394700
2025-06-20,200.39019775390625,201.08807102199273,196.2627584683704,197.63857663438114,96813500
2025-06-23,200.888671875,201.686247808318,198.3563846401482,201.01828233775666,55814300
2025-06-24,199.6923065185547,202.82277936444737,199.59260382672892,201.9753521214132,54064000
2025-06-25,200.94850158691406,203.05210084338043,200.01135094007643,200.83883469818846,39525700
2025-06-26,200.39019775390625,202.025221644493,198.85487656411598,200.81888589983927,50799100
2025-06-27,200.46995544433594,202.60346239871808,199.39323017588663,201.2774955925489,73188600
2025-06-30,204.54754638671875,206.7608124915243,198.6554726965608,201.39712965217615,91912800
2025-07-01,207.18951416015625,209.55231908550664,205.51460310500556,206.04299395149746,78788900
2025-07-02,211.79550170898438,212.6927652029137,207.50854401160626,208.27621224418834,67941800
2025-07-03,212.90213012695312,213.9987837940836,211.16740350258758,211.5063683517463,34955800
2025-07-07,209.3130340576172,215.57398008038285,208.16652910348648,212.03474730839852,50229000
2025-07-08,209.3728485107422,210.78853856973336,207.81758380403343,209.46258702266434,42848900
2025-07-09,210.49942016601562,210.68884615759353,206.5913149088396,208.89430414855983,48749400
2025-07-10,211.7655792236328,212.83232507172787,209.39279496736208,209.87133445003573,44443600
2025-07-11,210.51937866210938,211.48643705736623,209.2233196075129,209.931172276849,39765800
2025-07-14,207.98707580566406,210.27013683517245,206.91035052542594,209.29309904361602,38840100
2025-07-15,208.4755859375,211.24715053377864,208.28615994072268,208.5852528191871,42296300
2025-07-16,209.52239990234375,211.75559423754484,208.00700716596054,209.6619745482938,47490500
2025-07-17,209.38284301757812,211.1574416148312,208.95413964633332,209.93117746335784,48068100
2025-07-18,210.53929138183594,211.1474413046512,209.06378582955284,210.23023432823226,48974600
2025-07-21,211.83535766601562,215.12534891613055,210.98794558852114,211.45652088357517,51377400
2025-07-22,213.74952697753906,214.29786137817433,211.58611235366487,212.49335516085276,46404100
2025-07-23,213.5002899169922,214.4972560435483,211.76557859278188,214.3477172095632,46989300
2025-07-24,213.11148071289062,215.03563331063384,212.8821827557749,213.25105536667797,46022600
2025-07-25,213.2311248779297,214.58699944946258,212.7525701732737,214.04862920984866,40268800
2025-07-28,213.40060424804688,214.19818019857897,212.41360229785764,213.3806606658472,37858000
2025-07-29,210.62904357910156,214.1582970701604,210.18041185237743,213.53020352524888,51411700
2025-07-30,208.415771484375,211.74563469104578,207.0898047125579,211.25711581327238,45512500
2025-07-31,206.9402618408203,209.2033639475293,206.5315020865265,207.85746883247032,80698400
2025-08-01,201.76602172851562,212.93203997684435,200.88868661623732,210.23025491744008,104434500
2025-08-04,202.7330780029297,207.24933356384108,201.06813110178,203.8895472057539,75109300
2025-08-05,202.30438232421875,204.71703873665678,201.5466934780596,202.78292184745098,44155100
2025-08-06,212.60302734375,214.72657006985978,204.96626313259566,205.00615029681612,108483100
2025-08-07,219.3624725341797,220.1799921230299,215.92294217468134,218.21596748517925,90224800
2025-08-08,228.65420532226562,230.29919347638386,218.58484056145957,220.16004899168945,113854000
2025-08-11,226.74781799316406,229.12329528601256,224.3324234952035,227.4864157407103,61806100
2025-08-12,229.21310424804688,230.36092560837628,226.63802588155738,227.57622481823222,55626200
2025-08-13,232.88612365722656,234.55294488479396,229.99163136972763,230.6304284784954,69878500
2025-08-14,232.33717346191406,234.67271834509882,230.41085227691244,233.61473725595164,51916300
2025-08-15,231.1494140625,233.834298979768,228.9036945156081,233.5548328767578,56038700
2025-08-18,230.45074462890625,232.67649791960375,229.6722297518056,231.2592012143754,37476200
2025-08-19,230.1213836669922,232.42698672077375,228.9136940815642,230.84001516813981,39402600
2025-08-20,225.5800323486328,230.0315543310328,225.3404986724704,229.54248102593337,42263900
2025-08-21,224.47213745117188,226.08906587116957,223.3542730460458,225.8395414786139,30621200
2025-08-22,227.3267059326172,228.65417758009713,224.98118568943215,225.73973438952316,42477800
2025-08-25,226.7278594970703,228.86378779922748,225.79962078901826,226.0491451945495,30983100
2025-08-26,228.87376403808594,229.0534295301293,224.26255788237486,226.43840339540802,54575100
2025-08-27,230.05152893066406,230.46073738560713,227.82576024347395,228.17510050695543,31259500
2025-08-28,232.11758422851562,232.9659733126178,228.90370861616245,230.3809040856524,38074700
2025-08-29,231.69837951660156,232.9360260407387,230.92984008944924,232.0676707602769,39418400
2025-09-02,229.28298950195312,230.4108447009183,226.53822101083426,228.81388239599917,44075600
2025-09-03,238.01634216308594,238.395624134605,233.9141603097862,236.75874463665696,66427800
2025-09-04,239.3238525390625,239.4436193831587,236.28964239378743,237.9963808412042,47549400
2025-09-05,239.2340087890625,240.86091270031892,238.03629475202086,239.54341659874092,54870400
2025-09-08,237.42745971679688,239.69313028194867,235.89038089866295,238.84475646782593,48999500
2025-09-09,233.9041748046875,238.3257397896772,232.9160527142261,236.54912730927947,66313900
2025-09-10,226.35855102539062,231.97784546194652,225.52015268533836,231.7482872752143,83440800
2025-09-11,229.59239196777344,230.01159113632517,226.21881717306923,226.44839058875493,50208600
2025-09-12,233.62472534179688,234.0638755168574,228.58432913969838,228.78394562468256,55824200
2025-09-15,236.24969482421875,237.7368657054393,234.58287368836292,236.54912714503797,42699500
2025-09-16,237.6969451904297,240.76111223381088,235.87043992435724,236.72878926810645,63421100
2025-09-17,238.5353546142578,239.6432435766681,237.27774187166392,238.5153883976145,46508000
2025-09-18,237.42745971679688,240.74113579799257,236.199788714976,239.5134800259323,44249600
2025-09-19,245.032958984375,245.83144010441063,239.7530294205925,240.77107799962133,163741300
2025-09-22,255.5928192138672,256.15178189089505,247.64797087114997,247.82763635806887,105517400
2025-09-23,253.9459686279297,256.8504363399061,253.0975947938589,255.39322235208516,60275200
2025-09-24,251.8300018310547,255.2534845023776,250.56241362070242,254.73446948849343,42303700
2025-09-25,256.3813171386719,256.6807646844572,251.2311452680336,252.72829161839874,55202100
2025-09-26,254.97401428222656,257.10994249251326,253.2972024297037,253.61660096533106,46076300
2025-09-29,253.9459686279297,254.5148915782133,252.52867184357527,254.0757261912774,40127700
2025-09-30,254.14559936523438,255.4331385813304,252.6284867333586,254.37515755125318,37704300
2025-10-01,254.9640350341797,258.29769267334166,254.44502000530687,254.55481135314994,48713900
2025-10-02,256.6408386230469,257.68882891050583,253.66649683440303,256.09186667190835,42630200
2025-10-03,257.5291442871094,258.7468246365968,253.46689477740222,254.18552630266564,49155600
2025-10-06,256.2016906738281,258.5771679771474,254.56481112131073,257.49920544747016,44664100
2025-10-07,255.99208068847656,256.91031341337026,254.94405994391948,256.3214394907812,31955800
2025-10-08,257.5690612792969,258.0281776413904,255.62275879770374,256.03198246417537,36496900
2025-10-09,253.55670166015625,257.50917476461467,252.65841993311406,257.3195337882977,38322000
2025-10-10,244.80340576171875,255.8922708493858,243.53581752909898,254.45500785015722,61999100
2025-10-13,247.18885803222656,249.2149949644775,245.09284695690994,248.90558714178317,38142900
2025-10-14,247.29864501953125,248.37659224814226,244.23447809703134,246.13087266264282,35478000
2025-10-15,248.8656463623047,251.3409393203658,246.99920876557604,249.01537013681215,33893600
2025-10-16,246.979248046875,248.56621957555782,244.66366953460536,247.7777291727393,39777000
2025-10-17,251.81002807617188,252.89796599708643,246.79958926324147,247.5481624372989,49147000
2025-10-20,261.7411193847656,263.87706298772724,255.14370850365398,255.4032084113237,90483000
2025-10-21,262.2701110839844,264.7853366806196,261.33189684706855,261.38182000576944,46695900
2025-10-22,257.9583435058594,262.349966966352,254.94406918261987,262.15033525743416,45015300
2025-10-23,259.0861511230469,260.12418111371363,257.51916110368444,259.4454820834593,32754900
2025-10-24,262.32000732421875,263.6275126875418,258.68691759501684,260.69310343226954,38253700
2025-10-27,268.2986145019531,268.60802232244004,264.1465248140549,264.37609822840903,44888200
2025-10-28,268.4882507324219,269.3765722048576,267.63986169210665,268.4782600095115,41534800
2025-10-29,269.1869201660156,270.8936584399069,266.6018207191691,268.76770579477784,51086700
2025-10-30,270.8836669921875,273.6184749716116,267.969239224885,271.4725408872279,69886500
2025-10-31,269.85565185546875,276.79244258078194,268.647962249571,276.4630533049319,86167100
2025-11-03,268.53814697265625,270.33474092754267,265.74348587775046,269.90556627002525,50194600
2025-11-04,269.5262756347656,270.9734988318123,267.11086611942017,267.8195068636227,49274800
2025-11-05,269.6260986328125,271.18312844251227,266.4221834255846,268.0989800730272,43683100
2025-11-06,269.25677490234375,272.8798740142925,267.38037702601645,267.38037702601645,51204000
2025-11-07,267.9592590332031,271.7719991063764,266.26248096015127,269.28671541495146,48227400
2025-11-10,269.1781311035156,273.4741297822401,267.20997142836535,268.7085692371889,41312400
2025-11-11,274.99267578125,275.65206242273547,269.5477586519058,269.55775905965567,46208300
2025-11-12,273.21435546875,275.4722525277038,271.4460210796085,274.74292397164845,48398000
2025-11-13,272.6948547363281,276.4413491841305,271.83564282199285,273.85374352181776,49602800
2025-11-14,272.15533447265625,275.70200347225597,269.3479639093673,270.7965900477885,47431300
2025-11-17,267.2099609375,270.2371271729127,265.48159771217263,268.5687054184609,45018300
2025-11-18,267.19000244140625,270.4569347049811,265.0719890725528,269.7376065335732,45677300
2025-11-19,268.3089294433594,271.9555110777923,265.2517925781922,265.2817633125939,40424500
2025-11-20,266.0010986328125,275.17250947675234,265.67142054546326,270.5768036466949,45823600
2025-11-21,271.2361755371094,273.0744516711978,265.4216397990326,265.70137680880595,59030800
2025-11-24,275.6620788574219,276.7410558404627,270.64675212306133,270.64675212306133,65585800
2025-11-25,276.7110900878906,280.1179060838009,274.9926967216935,275.012667049666,46914200
2025-11-26,277.29052734375,279.26868736786383,276.3714044558947,276.70108254872224,33431400
2025-11-28,278.5893249511719,278.73917862681736,275.73198274965245,277.0008150112318,20135600
2025-12-01,282.8353576660156,283.1550658399818,275.88187257202503,277.75011957449965,46587700
2025-12-02,285.9224548339844,287.1313151163589,282.36578537497866,282.7354345985028,53669500
2025-12-03,283.8843688964844,288.35019153510143,283.0351573834178,285.9324708384744,43538700
2025-12-04,280.4375915527344,284.46382276925783,278.32954829392816,283.83440686502166,43989100
2025-12-05,278.5193786621094,280.8771882481053,277.79005013345267,280.27774306596746,47265800
2025-12-08,277.6302185058594,279.4085531850005,275.8918244790692,277.86998437615557,38211800
2025-12-09,276.9208679199219,279.7682096639769,276.6611317163261,277.8999627322321,32193300
2025-12-10,278.5193786621094,279.48847306800184,276.1815698919154,277.490342786908,33038300
2025-12-11,277.77008056640625,279.3286197507982,273.5540244422053,278.83908758708685,33248000
2025-12-12,278.0198669433594,278.9589906850317,276.5612402656973,277.64021728323,39532900
2025-12-15,273.8537292480469,279.8880911943856,272.5849275039148,279.8880911943856,50409100
2025-12-16,274.353271484375,275.2424541197232,271.53593087885605,272.5649667835892,37648600
2025-12-17,271.58587646484375,275.90184538512057,271.38608172110213,274.75292651919426,50138700
2025-12-18,271.935546875,273.374203136776,266.7004552212896,273.35420232069225,51630700
2025-12-19,273.4141845703125,274.34330788170604,269.64768928264715,271.8955859651445,144632000
2025-12-22,270.7166748046875,273.62395794129594,270.25711338978425,272.6048920133635,36571800
2025-12-23,272.1053771972656,272.2452609569047,269.30800689497966,270.5868091030317,29642000
2025-12-24,273.55401611328125,275.17249671786806,271.9455359163183,272.085389177814,17910600
2025-12-26,273.1444091796875,275.1125687682936,272.6049054553,273.9037084592662,21521800
2025-12-29,273.50408935546875,274.10350406329195,272.0954038139857,272.4350823114352,23715200
2025-12-30,272.82470703125,273.82377221524894,272.02546707967076,272.5549704076282,22139600
2025-12-31,271.6058349609375,273.42414083736213,271.49595243002375,272.80472532736104,27293600
2026-01-02,270.75665283203125,277.58025431004916,268.7485221479618,272.0054842546519,37838100
2026-01-05,267.0101623535156,271.25618925068443,265.89121426121545,270.38700744645297,45647200
2026-01-06,262.1147155761719,267.2998660934885,261.8749496989937,266.7503924619391,52352100
2026-01-07,260.08660888671875,263.4334831315393,259.56710600115036,262.95395138764474,48309800
2026-01-08,258.7978515625,259.0476178563403,255.46096229095477,256.7797203952787,50419300
2026-01-09,259.1275329589844,259.9667440583015,255.98048371428257,258.8377955175017,39997000
2026-01-12,260.0067138671875,261.05572011368304,256.5599267903311,258.9177364764393,45263800
2026-01-13,260.8059387207031,261.56523797230057,258.148452318208,258.4781303943212,45730800
2026-01-14,259.71697998046875,261.57525710051715,256.4700180914029,259.247418118488,40019400
2026-01-15,257.9685974121094,260.7959687899761,256.8096782083212,260.40631875644857,39388600
2026-01-16,255.29112243652344,258.6579671912775,254.69167723491495,257.6589020182799,72142800
2026-01-20,246.46937561035156,254.55180921698133,243.19244305608962,252.49373739571587,80267500
2026-01-21,247.41848754882812,251.3248360900433,244.9507953165175,248.46750904444812,54641700
2026-01-22,248.1178436279297,250.76536025794266,247.9180183962477,248.96703988447874,39708300
2026-01-23,247.80812072753906,249.17685039145397,244.45126111041233,247.08880782235642,41689000
2026-01-26,255.17123413085938,256.32015295784896,249.5664780183616,251.24490015634893,55969200
2026-01-27,258.0285339355469,261.70511669708895,257.96859246831417,258.92771692213245,49648300
2026-01-28,256.2002868652344,258.61800761819165,254.27208306792676,257.409147241713,41288000
2026-01-29,258.0385437011719,259.4072580677027,254.17216647920577,257.75880668092503,67253000
2026-01-30,259.2374267578125,261.6551472598355,251.94423313215475,254.93144331105526,92443400
2026-02-02,269.7575988769531,270.2371306501278,258.9676766447768,259.7869174093499,73913400
2026-02-03,269.22808837890625,271.6258386480508,267.3598109321867,268.9483513556569,64394700
2026-02-04,276.23150634765625,278.68922850453845,272.03545112075,272.03545112075,90545700
2026-02-05,275.6520690917969,279.2387093202658,272.97458180817284,277.86999494352693,52977400
2026-02-06,277.8599853515625,280.6473855638201,276.67109542368036,276.8609202349588,50453400
2026-02-09,274.6199951171875,278.20001220703125,271.70001220703125,277.9100036621094,44562300
2026-02-10,274.32501220703125,275.3599853515625,273.2099914550781,274.885009765625,6284270
